Workbook

Sheet 1
A1: GM MORNING POSITION | O1: DATE | P1: 46785 | S1: PAGE-1
A2: COMPARATIVE LOADING PERFORMANCE AS ON | I2: =P1-1 | K2: Avg Progressive LDG per day for the whole Year | N2: LOADING TARGET 2026-27
A3: Commodity | B3: Target per day for Aug-26 | C3: Cuurent Year | F3: Last Year | H3: Diff in AVG | I3: Avg for the whole Month AUG-2025 | J3: Diff in Avg | K3: Current Year from April-2026 | L3: Last Year from April-2025 | M3: Last Year Upto 31st March-2026 | N3: 46143 | P3: WAGONS | R3: LOADING IN MILLION TONNES
C4: No of Rakes | D4: Wagons | E4: Monthly Avg till date | F4: Wagons | G4: Monthly Avg till date | P4: 2025-2026 | Q4: 2026-2027 | R4: 2025-2026 | S4: 2026-2027
A5: CEM | B5: 0 | E5: =LINK!BP3 | F5: =LINK!B32 | G5: =LINK!AI32 | H5: =E5-G5 | I5: =LINK!B61 | J5: =E5-I5 | K5: =LINK!EG3 | L5: =LINK!BP32 | M5: =LINK!C61 | N5: Loading Target 2026-2027 | P5: 2058189 | Q5: 2208615 | S5: 109.47
A6: COAL | B6: 0 | E6: =LINK!BP4 | F6: =LINK!B33 | G6: =LINK!AI33 | H6: =E6-G6 | I6: =LINK!B62 | J6: =E6-I6 | K6: =LINK!EG4 | L6: =LINK!BP33 | M6: =LINK!C62 | N6: Progressive Loading Up To JULY | P6: 666648 | Q6: 677642 | R6: 32.81 | S6: 34.47
A7: CONT | B7: 0 | E7: =LINK!BP5 | F7: =LINK!B34 | G7: =LINK!AI34 | H7: =E7-G7 | I7: =LINK!B63 | J7: =E7-I7 | K7: =LINK!EG5 | L7: =LINK!BP34 | M7: =LINK!C63 | N7: Today's Ldg | P7: =F18 | Q7: =D18 | R7: 0.26 | S7: 0.24
A8: FERT | B8: 0 | E8: =LINK!BP6 | F8: =LINK!B35 | G8: =LINK!AI35 | H8: =E8-G8 | I8: =LINK!B64 | J8: =E8-I8 | K8: =LINK!EG6 | L8: =LINK!BP35 | M8: =LINK!C64 | N8: Current month LDG Till date | P8: =LINK!AI70 | Q8: =LINK!BP27 | R8: 0.26 | S8: 0.24
A9: IMFT | E9: =LINK!BP7 | F9: =LINK!B36 | G9: =LINK!AI36 | H9: =E9-G9 | I9: =LINK!B65 | J9: =E9-I9 | K9: =LINK!EG7 | L9: =LINK!BP36 | M9: =LINK!C65 | N9: DIVISON WISE CUMM LOADING
A10: POL | B10: 0 | E10: =LINK!BP8 | F10: =LINK!B37 | G10: =LINK!AI37 | H10: =E10-G10 | I10: =LINK!B66 | J10: =E10-I10 | K10: =LINK!EG8 | L10: =LINK!BP37 | M10: =LINK!C66 | N10: ADI | P10: =LINK!AI60+LINK!AI61 | Q10: =LINK!CZ20 | R10: 14.32 | S10: 17.59
A11: SALT | B11: 0 | E11: =LINK!BP9 | F11: =LINK!B38 | G11: =LINK!AI38 | H11: =E11-G11 | I11: =LINK!B67 | J11: =E11-I11 | K11: =LINK!EG9 | L11: =LINK!BP38 | M11: =LINK!C67 | N11: BCT | P11: =LINK!AI62 | Q11: =LINK!CZ21 | R11: 0.37 | S11: 0.31
A12: STEEL | B12: 0 | E12: =LINK!BP10 | F12: =LINK!B39 | G12: =LINK!AI39 | H12: =E12-G12 | I12: =LINK!B68 | J12: =E12-I12 | K12: =LINK!EG10 | L12: =LINK!BP39 | M12: =LINK!C68 | N12: BRC | P12: =LINK!AI63 | Q12: =LINK!CZ22 | R12: 4.92 | S12: 2.9
A13: DOC | B13: 0 | E13: =LINK!BP11 | F13: =LINK!B40 | G13: =LINK!AI40 | H13: =E13-G13 | I13: =LINK!B69 | J13: =E13-I13 | K13: =LINK!EG11 | L13: =LINK!BP40 | M13: =LINK!C69 | N13: RJT | P13: =LINK!AI64 | Q13: =LINK!CZ23 | R13: 6.17 | S13: 4.88
A14: FG | B14: 0 | E14: =LINK!BP12 | F14: =LINK!B41 | G14: =LINK!AI41 | H14: =E14-G14 | I14: =LINK!B70 | J14: =E14-I14 | K14: =LINK!EG12 | L14: =LINK!BP41 | M14: =LINK!C70 | N14: BVC | P14: =LINK!AI65 | Q14: =LINK!CZ24 | R14: 2.14 | S14: 4
A15: CHEM | B15: 0 | E15: =LINK!BP13 | F15: =LINK!B42 | G15: =LINK!AI42 | H15: =E15-G15 | I15: =LINK!B71 | J15: =E15-I15 | K15: =LINK!EG13 | L15: =LINK!BP42 | M15: =LINK!C71 | N15: RTM | P15: =LINK!AI66 | Q15: =LINK!CZ25 | R15: 4.12 | S15: 4.72
A16: AUTO | B16: 0 | E16: =LINK!BP14 | F16: =LINK!B43 | G16: =LINK!AI43 | H16: =E16-G16 | I16: =LINK!B72 | J16: =E16-I16 | K16: =LINK!EG14 | L16: =LINK!BP43 | M16: =LINK!C72 | N16: Progressive LDG from April | P16: =LINK!AI67 | Q16: =LINK!CZ27 | R16: =SUM(R10:R15) | S16: =SUM(S10:S15)
A17: OTHERS | B17: 0 | E17: =LINK!BP15 | F17: =LINK!B44 | G17: =LINK!AI44 | H17: =E17-G17 | I17: =LINK!B73 | J17: =E17-I17 | K17: =LINK!EG15 | L17: =LINK!BP44 | M17: =LINK!C73 | N17: To Achieve Target | Q17: =+Q5-Q16 | S17: =+S5-S16
A18: TOTAL | B18: =SUM(B5:B17) | C18: =SUM(C5:C17) | D18: =SUM(D5:D17) | E18: =SUM(E5:E17) | F18: =SUM(F5:F17) | G18: =SUM(G5:G17) | H18: =SUM(H5:H17) | I18: =SUM(I5:I17) | ... M18: =SUM(M5:M17)
A19: DIV | B19: =B3 | C19: Cuurent Year | F19: Last Year | H19: Diff | I19: Avg for the whole Month AUG-2025 | J19: Diff in Avg | K19: Current Year from April-2026 | L19: Last Year from April-2025 | M19: Last Year Upto 31st March-2026 | N19: RAKE LOADING AND THEIR AVG
C20: No of Rakes | D20: Wagons | E20: Monthly Avg till date | F20: Wagons | G20: Monthly Avg till date | N20: STOCK | P20: YDAY LDG | R20: AVG
A21: ADI | B21: 0 | E21: =LINK!BP20 | F21: =LINK!B49 | G21: =LINK!AI49 | H21: =E21-G21 | I21: =LINK!B77 | J21: =E21-I21 | K21: =LINK!EG20 | L21: =LINK!BP49 | M21: =LINK!C77 | N21: JUMBO | R21: =LINK!BP89
A22: GIMB | B22: 0 | E22: =LINK!BP21 | F22: =LINK!B50 | G22: =LINK!AI50 | H22: =E22-G22 | I22: =LINK!B78 | J22: =E22-I22 | K22: =LINK!EG21 | L22: =LINK!BP50 | M22: =LINK!C78 | N22: BOXN | R22: =LINK!BP90
A23: BCT | B23: 0 | E23: =LINK!BP22 | F23: =LINK!B51 | G23: =LINK!AI51 | H23: =E23-G23 | I23: =LINK!B79 | J23: =E23-I23 | K23: =LINK!EG22 | L23: =LINK!BP51 | M23: =LINK!C79 | N23: BTPN | R23: =LINK!BP91
A24: BRC | B24: 0 | E24: =LINK!BP23 | F24: =LINK!B52 | G24: =LINK!AI52 | H24: =E24-G24 | I24: =LINK!B80 | J24: =E24-I24 | K24: =LINK!EG23 | L24: =LINK!BP52 | M24: =LINK!C80 | N24: BTPGN | R24: =LINK!BP92
A25: RJT | B25: 0 | E25: =LINK!BP24 | F25: =LINK!B53 | G25: =LINK!AI53 | H25: =E25-G25 | I25: =LINK!B81 | J25: =E25-I25 | K25: =LINK!EG24 | L25: =LINK!BP53 | M25: =LINK!C81 | N25: CONT | R25: =LINK!BP93
A26: BVP | B26: 0 | E26: =LINK!BP25 | F26: =LINK!B54 | G26: =LINK!AI54 | H26: =E26-G26 | I26: =LINK!B82 | J26: =E26-I26 | K26: =LINK!EG25 | L26: =LINK!BP54 | M26: =LINK!C82 | N26: SHRA | R26: =LINK!BP94
A27: RTM | B27: 0 | E27: =LINK!BP26 | F27: =LINK!B55 | G27: =LINK!AI55 | H27: =E27-G27 | I27: =LINK!B83 | J27: =E27-I27 | K27: =LINK!EG26 | L27: =LINK!BP55 | M27: =LINK!C83 | N27: OTHERS | R27: =LINK!BP95
A28: TOTAL | B28: =SUM(B21:B27) | C28: =SUM(C21:C27) | D28: =SUM(D21:D27) | E28: =SUM(E21:E27) | F28: =SUM(F21:F27) | G28: =SUM(G21:G27) | H28: =SUM(H21:H27) | I28: =SUM(I21:I27) | ... M28: =SUM(M21:M27) | N28: TOTAL RAKES | P28: =SUM(P21:P27) | R28: =SUM(R21:R27)
A29: SILO BALANCE AT PORTS | G29: INDIGENOUS FERT SILO | I29: CONTAINER PENDENCY AT PORTS | N29: Loading Last Year As On | Q29: Last Year Progressive LDG from April-2026
A30: PORTS | B30: FERTILISERS | E30: COAL | F30: GYPSUM | G30: GSFM | I30: PORT | K30: TOTAL | L30: READY | M30: CONCOR | N30: =P1-365 | Q30: =N30+1
B31: DAP | C31: UREA | D31: OTHERS | G31: IFFB | I31: MDCC | J31: SOUTH PORT | N31: =LINK!B100 | P31: =LINK!B101 | Q31: =LINK!B102
A32: MDCC/WPA | B32: =G45 | C32: =G46 | D32: =SUM(G47:G51) | E32: =G54 | G32: IFFG | H32: =G80+G81 | J32: MICT | N32: DOUBLE STACK LDG | Q32: YDAY LONG HAUL & PROG
A33: KDLP/KPRK | B33: =G56 | C33: =G57 | D33: =SUM(G58:G64) | E33: =G67 | G33: GSFS | I33: Total | K33: =+K32+K31 | L33: =L31+L32 | M33: =M31+M32 | N33: STN | O33: YDAY | P33: PROG | Q33: MDCC | S33: =+R33
A34: IFFG | G34: GNVS | I34: PPSP | N34: MDCC | P34: =+O34 | Q34: CECC | S34: =+R34
A35: TUNA PORT | B35: =G69 | C35: =G71 | D35: =G70 | E35: =SUM(G74:G76) | G35: KBCS | I35: OUTSATNDING INDENTS | N35: PPSP | P35: =+O35 | Q35: BILD | S35: =+R35
A36: NAVLAKHI | J36: RAKS | L36: P/MEAL | N36: CWCJ | P36: =+O36 | Q36: MPRN | S36: =+R36
A37: WINDMIL | J37: RAKES/ WAGONS | K37: ODR | L37: WAGONS | M37: ODR | N37: MHPL | P37: =+O37 | Q37: SUNR | S37: =+R37
A38: PIPAVAV | I38: FREE | N38: GRFV | P38: =+O38 | Q38: SAUS | S38: =+R38
A39: KRIBHCO/MKIG | I39: RESTRICTION | N39: NCLW | P39: =+O39 | Q39: PPSP | S39: =+R39
A40: DAHEJ | I40: SPECIAL | N40: KPRK | P40: =+O40 | Q40: BHUN | S40: =+R40
I41: RMC | N41: OTHERS | P41: =+O41 | Q41: OTH | S41: =+R41
A42: TOTAL | B42: =SUM(B32:B41) | C42: =SUM(C32:C41) | D42: =SUM(D32:D41) | E42: =SUM(E32:E41) | F42: =SUM(F32:F41) | G42: TOTAL | H42: =SUM(H30:H41) | I42: TOTAL | N42: TOTAL | O42: =SUM(O34:O41) | P42: =SUM(P34:P41) | Q42: TOTAL | R42: =SUM(R33:R41) | S42: =SUM(S33:S41)
A44: PORT | B44: COMM | C44: O/B | D44: FRESH | E44: TTL | F44: DISPATCH | G44: C/B
A45: MDPT | B45: DAP
B46: UREA | I46: UREA
B47: AS | I47: DAP
B48: MOP | I48: OTHRS
B49: NPK
B50: NPS
B51: K-MAG
B52: TOTAL
A54: WPA | B54: COAL
A56: KDLP | B56: DAP
B57: UREA
B58: MOP
B59: NPK
B60: DPH
B61: APS
B62: NPK-12
B63: ASP
B64: AMONIM/SP
B65: TOTAL
B67: COAL
A69: DBTK | B69: DAP
B70: OTHER
B71: UREA
B72: TOTAL
A74: IMCL | B74: COAL
B75: PET/COKE
B76: DOMESTIC
A78: IFFG | B78: NPK-GR-1
B79: NPK-GR-2
B80: IND/DAP
B81: IMP/DAP
B82: TOTAL

Sheet LINK
A1: CURRENT YEAR COMMODITYWISE DAILY LOADING | AH1: CURRENT YEAR COMMODITYWISE MONTHLY LOADING | BO1: CURRENT YEAR COMMODITYWISE MONTHLY AVG LOADING | CW1: Yearly Progressive LDG up to last day of the prvious month | CX1: Cummulative no. of days up to last day of the previous month | CY1: CURRENT YEAR COMMODITYWISE YEARLY CUMMULATIVE LOADING | EF1: CURRENT YEAR COMMODITYWISE YEARLY AVG LOADING
A2: COMM | B2: 1 | C2: 2 | D2: 3 | E2: 4 | F2: 5 | G2: 6 | H2: 7 | I2: 8 | J2: 9 | K2: 10 | L2: 11 | M2: 12 | N2: 13 | O2: 14 | P2: 15 | Q2: 16 | R2: 17 | S2: 18 | T2: 19 | U2: 20 | V2: 21 | W2: 22 | X2: 23 | Y2: 24 | Z2: 25 | AA2: 26 | AB2: 27 | AC2: 28 | AD2: 29 | AE2: 30 | AF2: 31 | AH2: COMM | AI2: 1 | AJ2: 2 | AK2: 3 | AL2: 4 | AM2: 5 | AN2: 6 | AO2: 7 | AP2: 8 | AQ2: 9 | AR2: 10 | AS2: 11 | AT2: 12 | AU2: 13 | AV2: 14 | AW2: 15 | AX2: 16 | AY2: 17 | AZ2: 18 | BA2: 19 | BB2: 20 | BC2: 21 | BD2: 22 | BE2: 23 | BF2: 24 | BG2: 25 | BH2: 26 | BI2: 27 | BJ2: 28 | BK2: 29 | BL2: 30 | BM2: 31 | BO2: COMM | BP2: 1 | BQ2: 2 | BR2: 3 | BS2: 4 | BT2: 5 | BU2: 6 | BV2: 7 | BW2: 8 | BX2: 9 | BY2: 10 | BZ2: 11 | CA2: 12 | CB2: 13 | CC2: 14 | CD2: 15 | CE2: 16 | CF2: 17 | CG2: 18 | CH2: 19 | CI2: 20 | CJ2: 21 | CK2: 22 | CL2: 23 | CM2: 24 | CN2: 25 | CO2: 26 | CP2: 27 | CQ2: 28 | CR2: 29 | CS2: 30 | CT2: 31 | CV2: COMM | CX2: 306 | CY2: COMM | CZ2: 1 | DA2: 2 | DB2: 3 | DC2: 4 | DD2: 5 | DE2: 6 | DF2: 7 | DG2: 8 | DH2: 9 | DI2: 10 | DJ2: 11 | DK2: 12 | DL2: 13 | DM2: 14 | DN2: 15 | DO2: 16 | DP2: 17 | DQ2: 18 | DR2: 19 | DS2: 20 | DT2: 21 | DU2: 22 | DV2: 23 | DW2: 24 | DX2: 25 | DY2: 26 | DZ2: 27 | EA2: 28 | EB2: 29 | EC2: 30 | ED2: 31 | EF2: COMM | EG2: 307 | EH2: 308 | EI2: 309 | EJ2: 310 | EK2: 311 | EL2: 312 | EM2: 313 | EN2: 314 | EO2: 315 | EP2: 316 | EQ2: 317 | ER2: 318 | ES2: 319 | ET2: 320 | EU2: 321 | EV2: 322 | EW2: 323 | EX2: 324 | EY2: 325 | EZ2: 326 | FA2: 327 | FB2: 328 | FC2: 329 | FD2: 330 | FE2: 331 | FF2: 332 | FG2: 333 | FH2: 334 | FI2: 335 | FJ2: 336 | FK2: 337
A3: CEM | B3: ='1'!$D5 | C3: ='2'!$D5 | D3: ='3'!$D5 | E3: ='4'!$D5 | F3: ='5'!$D5 | G3: ='6'!$D5 | H3: ='7'!$D5 | I3: ='8'!$D5 | J3: ='9'!$D5 | K3: ='10'!$D5 | L3: ='11'!$D5 | M3: ='12'!$D5 | N3: ='13'!$D5 | O3: ='14'!$D5 | P3: ='15'!$D5 | Q3: ='16'!$D5 | R3: ='17'!$D5 | S3: ='18'!$D5 | T3: ='19'!$D5 | U3: ='20'!$D5 | V3: ='21'!$D5 | W3: ='22'!$D5 | X3: ='23'!$D5 | Y3: ='24'!$D5 | Z3: ='25'!$D5 | AA3: ='26'!$D5 | AB3: ='27'!$D5 | AC3: ='28'!$D5 | AD3: ='29'!$D5 | AH3: CEM | AI3: =B3 | AJ3: =AI3+C3 | AK3: =AJ3+D3 | AL3: =AK3+E3 | AM3: =AL3+F3 | AN3: =AM3+G3 | AO3: =AN3+H3 | AP3: =AO3+I3 | AQ3: =AP3+J3 | ... BK3: =BJ3+AD3 | BO3: CEM | BP3: =AI3/AI$2 | BQ3: =AJ3/AJ$2 | BR3: =AK3/AK$2 | BS3: =AL3/AL$2 | BT3: =AM3/AM$2 | BU3: =AN3/AN$2 | BV3: =AO3/AO$2 | BW3: =AP3/AP$2 | ... CR3: =BK3/BK$2 | CV3: CEM | CW3: 0 | CY3: CEM | CZ3: =CW3+B3 | DA3: =CZ3+C3 | DB3: =DA3+D3 | DC3: =DB3+E3 | DD3: =DC3+F3 | DE3: =DD3+G3 | DF3: =DE3+H3 | DG3: =DF3+I3 | DH3: =DG3+J3 | ... EB3: =EA3+AD3 | EF3: CEM | EG3: =CZ3/EG$2 | EH3: =DA3/EH$2 | EI3: =DB3/EI$2 | EJ3: =DC3/EJ$2 | EK3: =DD3/EK$2 | EL3: =DE3/EL$2 | EM3: =DF3/EM$2 | EN3: =DG3/EN$2 | ... FI3: =EB3/FI$2
A4: COAL | B4: ='1'!$D6 | C4: ='2'!$D6 | D4: ='3'!$D6 | E4: ='4'!$D6 | F4: ='5'!$D6 | G4: ='6'!$D6 | H4: ='7'!$D6 | I4: ='8'!$D6 | J4: ='9'!$D6 | K4: ='10'!$D6 | L4: ='11'!$D6 | M4: ='12'!$D6 | N4: ='13'!$D6 | O4: ='14'!$D6 | P4: ='15'!$D6 | Q4: ='16'!$D6 | R4: ='17'!$D6 | S4: ='18'!$D6 | T4: ='19'!$D6 | U4: ='20'!$D6 | V4: ='21'!$D6 | W4: ='22'!$D6 | X4: ='23'!$D6 | Y4: ='24'!$D6 | Z4: ='25'!$D6 | AA4: ='26'!$D6 | AB4: ='27'!$D6 | AC4: ='28'!$D6 | AD4: ='29'!$D6 | AH4: COAL | AI4: =B4 | AJ4: =AI4+C4 | AK4: =AJ4+D4 | AL4: =AK4+E4 | AM4: =AL4+F4 | AN4: =AM4+G4 | AO4: =AN4+H4 | AP4: =AO4+I4 | AQ4: =AP4+J4 | ... BK4: =BJ4+AD4 | BO4: COAL | BP4: =AI4/AI$2 | BQ4: =AJ4/AJ$2 | BR4: =AK4/AK$2 | BS4: =AL4/AL$2 | BT4: =AM4/AM$2 | BU4: =AN4/AN$2 | BV4: =AO4/AO$2 | BW4: =AP4/AP$2 | ... CR4: =BK4/BK$2 | CV4: COAL | CW4: 0 | CY4: COAL | CZ4: =CW4+B4 | DA4: =CZ4+C4 | DB4: =DA4+D4 | DC4: =DB4+E4 | DD4: =DC4+F4 | DE4: =DD4+G4 | DF4: =DE4+H4 | DG4: =DF4+I4 | DH4: =DG4+J4 | ... EB4: =EA4+AD4 | EF4: COAL | EG4: =CZ4/EG$2 | EH4: =DA4/EH$2 | EI4: =DB4/EI$2 | EJ4: =DC4/EJ$2 | EK4: =DD4/EK$2 | EL4: =DE4/EL$2 | EM4: =DF4/EM$2 | EN4: =DG4/EN$2 | ... FI4: =EB4/FI$2
A5: CONT | B5: ='1'!$D7 | C5: ='2'!$D7 | D5: ='3'!$D7 | E5: ='4'!$D7 | F5: ='5'!$D7 | G5: ='6'!$D7 | H5: ='7'!$D7 | I5: ='8'!$D7 | J5: ='9'!$D7 | K5: ='10'!$D7 | L5: ='11'!$D7 | M5: ='12'!$D7 | N5: ='13'!$D7 | O5: ='14'!$D7 | P5: ='15'!$D7 | Q5: ='16'!$D7 | R5: ='17'!$D7 | S5: ='18'!$D7 | T5: ='19'!$D7 | U5: ='20'!$D7 | V5: ='21'!$D7 | W5: ='22'!$D7 | X5: ='23'!$D7 | Y5: ='24'!$D7 | Z5: ='25'!$D7 | AA5: ='26'!$D7 | AB5: ='27'!$D7 | AC5: ='28'!$D7 | AD5: ='29'!$D7 | AH5: CONT | AI5: =B5 | AJ5: =AI5+C5 | AK5: =AJ5+D5 | AL5: =AK5+E5 | AM5: =AL5+F5 | AN5: =AM5+G5 | AO5: =AN5+H5 | AP5: =AO5+I5 | AQ5: =AP5+J5 | ... BK5: =BJ5+AD5 | BO5: CONT | BP5: =AI5/AI$2 | BQ5: =AJ5/AJ$2 | BR5: =AK5/AK$2 | BS5: =AL5/AL$2 | BT5: =AM5/AM$2 | BU5: =AN5/AN$2 | BV5: =AO5/AO$2 | BW5: =AP5/AP$2 | ... CR5: =BK5/BK$2 | CV5: CONT | CW5: 0 | CY5: CONT | CZ5: =CW5+B5 | DA5: =CZ5+C5 | DB5: =DA5+D5 | DC5: =DB5+E5 | DD5: =DC5+F5 | DE5: =DD5+G5 | DF5: =DE5+H5 | DG5: =DF5+I5 | DH5: =DG5+J5 | ... EB5: =EA5+AD5 | EF5: CONT | EG5: =CZ5/EG$2 | EH5: =DA5/EH$2 | EI5: =DB5/EI$2 | EJ5: =DC5/EJ$2 | EK5: =DD5/EK$2 | EL5: =DE5/EL$2 | EM5: =DF5/EM$2 | EN5: =DG5/EN$2 | ... FI5: =EB5/FI$2
A6: FERT | B6: ='1'!$D8 | C6: ='2'!$D8 | D6: ='3'!$D8 | E6: ='4'!$D8 | F6: ='5'!$D8 | G6: ='6'!$D8 | H6: ='7'!$D8 | I6: ='8'!$D8 | J6: ='9'!$D8 | K6: ='10'!$D8 | L6: ='11'!$D8 | M6: ='12'!$D8 | N6: ='13'!$D8 | O6: ='14'!$D8 | P6: ='15'!$D8 | Q6: ='16'!$D8 | R6: ='17'!$D8 | S6: ='18'!$D8 | T6: ='19'!$D8 | U6: ='20'!$D8 | V6: ='21'!$D8 | W6: ='22'!$D8 | X6: ='23'!$D8 | Y6: ='24'!$D8 | Z6: ='25'!$D8 | AA6: ='26'!$D8 | AB6: ='27'!$D8 | AC6: ='28'!$D8 | AD6: ='29'!$D8 | AH6: FERT | AI6: =B6 | AJ6: =AI6+C6 | AK6: =AJ6+D6 | AL6: =AK6+E6 | AM6: =AL6+F6 | AN6: =AM6+G6 | AO6: =AN6+H6 | AP6: =AO6+I6 | AQ6: =AP6+J6 | ... BK6: =BJ6+AD6 | BO6: FERT | BP6: =AI6/AI$2 | BQ6: =AJ6/AJ$2 | BR6: =AK6/AK$2 | BS6: =AL6/AL$2 | BT6: =AM6/AM$2 | BU6: =AN6/AN$2 | BV6: =AO6/AO$2 | BW6: =AP6/AP$2 | ... CR6: =BK6/BK$2 | CV6: FERT | CW6: 0 | CY6: FERT | CZ6: =CW6+B6 | DA6: =CZ6+C6 | DB6: =DA6+D6 | DC6: =DB6+E6 | DD6: =DC6+F6 | DE6: =DD6+G6 | DF6: =DE6+H6 | DG6: =DF6+I6 | DH6: =DG6+J6 | ... EB6: =EA6+AD6 | EF6: FERT | EG6: =CZ6/EG$2 | EH6: =DA6/EH$2 | EI6: =DB6/EI$2 | EJ6: =DC6/EJ$2 | EK6: =DD6/EK$2 | EL6: =DE6/EL$2 | EM6: =DF6/EM$2 | EN6: =DG6/EN$2 | ... FI6: =EB6/FI$2
A7: IMFT | B7: ='1'!$D9 | C7: ='2'!$D9 | D7: ='3'!$D9 | E7: ='4'!$D9 | F7: ='5'!$D9 | G7: ='6'!$D9 | H7: ='7'!$D9 | I7: ='8'!$D9 | J7: ='9'!$D9 | K7: ='10'!$D9 | L7: ='11'!$D9 | M7: ='12'!$D9 | N7: ='13'!$D9 | O7: ='14'!$D9 | P7: ='15'!$D9 | Q7: ='16'!$D9 | R7: ='17'!$D9 | S7: ='18'!$D9 | T7: ='19'!$D9 | U7: ='20'!$D9 | V7: ='21'!$D9 | W7: ='22'!$D9 | X7: ='23'!$D9 | Y7: ='24'!$D9 | Z7: ='25'!$D9 | AA7: ='26'!$D9 | AB7: ='27'!$D9 | AC7: ='28'!$D9 | AD7: ='29'!$D9 | AH7: IMFT | AI7: =B7 | AJ7: =AI7+C7 | AK7: =AJ7+D7 | AL7: =AK7+E7 | AM7: =AL7+F7 | AN7: =AM7+G7 | AO7: =AN7+H7 | AP7: =AO7+I7 | AQ7: =AP7+J7 | ... BK7: =BJ7+AD7 | BO7: IMFT | BP7: =AI7/AI$2 | BQ7: =AJ7/AJ$2 | BR7: =AK7/AK$2 | BS7: =AL7/AL$2 | BT7: =AM7/AM$2 | BU7: =AN7/AN$2 | BV7: =AO7/AO$2 | BW7: =AP7/AP$2 | ... CR7: =BK7/BK$2 | CV7: IMFT | CW7: 0 | CY7: IMFT | CZ7: =CW7+B7 | DA7: =CZ7+C7 | DB7: =DA7+D7 | DC7: =DB7+E7 | DD7: =DC7+F7 | DE7: =DD7+G7 | DF7: =DE7+H7 | DG7: =DF7+I7 | DH7: =DG7+J7 | ... EB7: =EA7+AD7 | EF7: IMFT | EG7: =CZ7/EG$2 | EH7: =DA7/EH$2 | EI7: =DB7/EI$2 | EJ7: =DC7/EJ$2 | EK7: =DD7/EK$2 | EL7: =DE7/EL$2 | EM7: =DF7/EM$2 | EN7: =DG7/EN$2 | ... FI7: =EB7/FI$2
A8: POL | B8: ='1'!$D10 | C8: ='2'!$D10 | D8: ='3'!$D10 | E8: ='4'!$D10 | F8: ='5'!$D10 | G8: ='6'!$D10 | H8: ='7'!$D10 | I8: ='8'!$D10 | J8: ='9'!$D10 | K8: ='10'!$D10 | L8: ='11'!$D10 | M8: ='12'!$D10 | N8: ='13'!$D10 | O8: ='14'!$D10 | P8: ='15'!$D10 | Q8: ='16'!$D10 | R8: ='17'!$D10 | S8: ='18'!$D10 | T8: ='19'!$D10 | U8: ='20'!$D10 | V8: ='21'!$D10 | W8: ='22'!$D10 | X8: ='23'!$D10 | Y8: ='24'!$D10 | Z8: ='25'!$D10 | AA8: ='26'!$D10 | AB8: ='27'!$D10 | AC8: ='28'!$D10 | AD8: ='29'!$D10 | AH8: POL | AI8: =B8 | AJ8: =AI8+C8 | AK8: =AJ8+D8 | AL8: =AK8+E8 | AM8: =AL8+F8 | AN8: =AM8+G8 | AO8: =AN8+H8 | AP8: =AO8+I8 | AQ8: =AP8+J8 | ... BK8: =BJ8+AD8 | BO8: POL | BP8: =AI8/AI$2 | BQ8: =AJ8/AJ$2 | BR8: =AK8/AK$2 | BS8: =AL8/AL$2 | BT8: =AM8/AM$2 | BU8: =AN8/AN$2 | BV8: =AO8/AO$2 | BW8: =AP8/AP$2 | ... CR8: =BK8/BK$2 | CV8: POL | CW8: 0 | CY8: POL | CZ8: =CW8+B8 | DA8: =CZ8+C8 | DB8: =DA8+D8 | DC8: =DB8+E8 | DD8: =DC8+F8 | DE8: =DD8+G8 | DF8: =DE8+H8 | DG8: =DF8+I8 | DH8: =DG8+J8 | ... EB8: =EA8+AD8 | EF8: POL | EG8: =CZ8/EG$2 | EH8: =DA8/EH$2 | EI8: =DB8/EI$2 | EJ8: =DC8/EJ$2 | EK8: =DD8/EK$2 | EL8: =DE8/EL$2 | EM8: =DF8/EM$2 | EN8: =DG8/EN$2 | ... FI8: =EB8/FI$2
A9: SALT | B9: ='1'!$D11 | C9: ='2'!$D11 | D9: ='3'!$D11 | E9: ='4'!$D11 | F9: ='5'!$D11 | G9: ='6'!$D11 | H9: ='7'!$D11 | I9: ='8'!$D11 | J9: ='9'!$D11 | K9: ='10'!$D11 | L9: ='11'!$D11 | M9: ='12'!$D11 | N9: ='13'!$D11 | O9: ='14'!$D11 | P9: ='15'!$D11 | Q9: ='16'!$D11 | R9: ='17'!$D11 | S9: ='18'!$D11 | T9: ='19'!$D11 | U9: ='20'!$D11 | V9: ='21'!$D11 | W9: ='22'!$D11 | X9: ='23'!$D11 | Y9: ='24'!$D11 | Z9: ='25'!$D11 | AA9: ='26'!$D11 | AB9: ='27'!$D11 | AC9: ='28'!$D11 | AD9: ='29'!$D11 | AH9: SALT | AI9: =B9 | AJ9: =AI9+C9 | AK9: =AJ9+D9 | AL9: =AK9+E9 | AM9: =AL9+F9 | AN9: =AM9+G9 | AO9: =AN9+H9 | AP9: =AO9+I9 | AQ9: =AP9+J9 | ... BK9: =BJ9+AD9 | BO9: SALT | BP9: =AI9/AI$2 | BQ9: =AJ9/AJ$2 | BR9: =AK9/AK$2 | BS9: =AL9/AL$2 | BT9: =AM9/AM$2 | BU9: =AN9/AN$2 | BV9: =AO9/AO$2 | BW9: =AP9/AP$2 | ... CR9: =BK9/BK$2 | CV9: SALT | CW9: 0 | CY9: SALT | CZ9: =CW9+B9 | DA9: =CZ9+C9 | DB9: =DA9+D9 | DC9: =DB9+E9 | DD9: =DC9+F9 | DE9: =DD9+G9 | DF9: =DE9+H9 | DG9: =DF9+I9 | DH9: =DG9+J9 | ... EB9: =EA9+AD9 | EF9: SALT | EG9: =CZ9/EG$2 | EH9: =DA9/EH$2 | EI9: =DB9/EI$2 | EJ9: =DC9/EJ$2 | EK9: =DD9/EK$2 | EL9: =DE9/EL$2 | EM9: =DF9/EM$2 | EN9: =DG9/EN$2 | ... FI9: =EB9/FI$2
A10: STEEL | B10: ='1'!$D12 | C10: ='2'!$D12 | D10: ='3'!$D12 | E10: ='4'!$D12 | F10: ='5'!$D12 | G10: ='6'!$D12 | H10: ='7'!$D12 | I10: ='8'!$D12 | J10: ='9'!$D12 | K10: ='10'!$D12 | L10: ='11'!$D12 | M10: ='12'!$D12 | N10: ='13'!$D12 | O10: ='14'!$D12 | P10: ='15'!$D12 | Q10: ='16'!$D12 | R10: ='17'!$D12 | S10: ='18'!$D12 | T10: ='19'!$D12 | U10: ='20'!$D12 | V10: ='21'!$D12 | W10: ='22'!$D12 | X10: ='23'!$D12 | Y10: ='24'!$D12 | Z10: ='25'!$D12 | AA10: ='26'!$D12 | AB10: ='27'!$D12 | AC10: ='28'!$D12 | AD10: ='29'!$D12 | AH10: STEEL | AI10: =B10 | AJ10: =AI10+C10 | AK10: =AJ10+D10 | AL10: =AK10+E10 | AM10: =AL10+F10 | AN10: =AM10+G10 | AO10: =AN10+H10 | AP10: =AO10+I10 | AQ10: =AP10+J10 | ... BK10: =BJ10+AD10 | BO10: STEEL | BP10: =AI10/AI$2 | BQ10: =AJ10/AJ$2 | BR10: =AK10/AK$2 | BS10: =AL10/AL$2 | BT10: =AM10/AM$2 | BU10: =AN10/AN$2 | BV10: =AO10/AO$2 | BW10: =AP10/AP$2 | ... CR10: =BK10/BK$2 | CV10: STEEL | CW10: 0 | CY10: STEEL | CZ10: =CW10+B10 | DA10: =CZ10+C10 | DB10: =DA10+D10 | DC10: =DB10+E10 | DD10: =DC10+F10 | DE10: =DD10+G10 | DF10: =DE10+H10 | DG10: =DF10+I10 | DH10: =DG10+J10 | ... EB10: =EA10+AD10 | EF10: STEEL | EG10: =CZ10/EG$2 | EH10: =DA10/EH$2 | EI10: =DB10/EI$2 | EJ10: =DC10/EJ$2 | EK10: =DD10/EK$2 | EL10: =DE10/EL$2 | EM10: =DF10/EM$2 | EN10: =DG10/EN$2 | ... FI10: =EB10/FI$2
A11: DOC | B11: ='1'!$D13 | C11: ='2'!$D13 | D11: ='3'!$D13 | E11: ='4'!$D13 | F11: ='5'!$D13 | G11: ='6'!$D13 | H11: ='7'!$D13 | I11: ='8'!$D13 | J11: ='9'!$D13 | K11: ='10'!$D13 | L11: ='11'!$D13 | M11: ='12'!$D13 | N11: ='13'!$D13 | O11: ='14'!$D13 | P11: ='15'!$D13 | Q11: ='16'!$D13 | R11: ='17'!$D13 | S11: ='18'!$D13 | T11: ='19'!$D13 | U11: ='20'!$D13 | V11: ='21'!$D13 | W11: ='22'!$D13 | X11: ='23'!$D13 | Y11: ='24'!$D13 | Z11: ='25'!$D13 | AA11: ='26'!$D13 | AB11: ='27'!$D13 | AC11: ='28'!$D13 | AD11: ='29'!$D13 | AH11: DOC | AI11: =B11 | AJ11: =AI11+C11 | AK11: =AJ11+D11 | AL11: =AK11+E11 | AM11: =AL11+F11 | AN11: =AM11+G11 | AO11: =AN11+H11 | AP11: =AO11+I11 | AQ11: =AP11+J11 | ... BK11: =BJ11+AD11 | BO11: DOC | BP11: =AI11/AI$2 | BQ11: =AJ11/AJ$2 | BR11: =AK11/AK$2 | BS11: =AL11/AL$2 | BT11: =AM11/AM$2 | BU11: =AN11/AN$2 | BV11: =AO11/AO$2 | BW11: =AP11/AP$2 | ... CR11: =BK11/BK$2 | CV11: DOC | CW11: 0 | CY11: DOC | CZ11: =CW11+B11 | DA11: =CZ11+C11 | DB11: =DA11+D11 | DC11: =DB11+E11 | DD11: =DC11+F11 | DE11: =DD11+G11 | DF11: =DE11+H11 | DG11: =DF11+I11 | DH11: =DG11+J11 | ... EB11: =EA11+AD11 | EF11: DOC | EG11: =CZ11/EG$2 | EH11: =DA11/EH$2 | EI11: =DB11/EI$2 | EJ11: =DC11/EJ$2 | EK11: =DD11/EK$2 | EL11: =DE11/EL$2 | EM11: =DF11/EM$2 | EN11: =DG11/EN$2 | ... FI11: =EB11/FI$2
A12: FG | B12: ='1'!$D14 | C12: ='2'!$D14 | D12: ='3'!$D14 | E12: ='4'!$D14 | F12: ='5'!$D14 | G12: ='6'!$D14 | H12: ='7'!$D14 | I12: ='8'!$D14 | J12: ='9'!$D14 | K12: ='10'!$D14 | L12: ='11'!$D14 | M12: ='12'!$D14 | N12: ='13'!$D14 | O12: ='14'!$D14 | P12: ='15'!$D14 | Q12: ='16'!$D14 | R12: ='17'!$D14 | S12: ='18'!$D14 | T12: ='19'!$D14 | U12: ='20'!$D14 | V12: ='21'!$D14 | W12: ='22'!$D14 | X12: ='23'!$D14 | Y12: ='24'!$D14 | Z12: ='25'!$D14 | AA12: ='26'!$D14 | AB12: ='27'!$D14 | AC12: ='28'!$D14 | AD12: ='29'!$D14 | AH12: FG | AI12: =B12 | AJ12: =AI12+C12 | AK12: =AJ12+D12 | AL12: =AK12+E12 | AM12: =AL12+F12 | AN12: =AM12+G12 | AO12: =AN12+H12 | AP12: =AO12+I12 | AQ12: =AP12+J12 | ... BK12: =BJ12+AD12 | BO12: FG | BP12: =AI12/AI$2 | BQ12: =AJ12/AJ$2 | BR12: =AK12/AK$2 | BS12: =AL12/AL$2 | BT12: =AM12/AM$2 | BU12: =AN12/AN$2 | BV12: =AO12/AO$2 | BW12: =AP12/AP$2 | ... CR12: =BK12/BK$2 | CV12: FG | CW12: 0 | CY12: FG | CZ12: =CW12+B12 | DA12: =CZ12+C12 | DB12: =DA12+D12 | DC12: =DB12+E12 | DD12: =DC12+F12 | DE12: =DD12+G12 | DF12: =DE12+H12 | DG12: =DF12+I12 | DH12: =DG12+J12 | ... EB12: =EA12+AD12 | EF12: FG | EG12: =CZ12/EG$2 | EH12: =DA12/EH$2 | EI12: =DB12/EI$2 | EJ12: =DC12/EJ$2 | EK12: =DD12/EK$2 | EL12: =DE12/EL$2 | EM12: =DF12/EM$2 | EN12: =DG12/EN$2 | ... FI12: =EB12/FI$2
A13: CHEM | B13: ='1'!$D15 | C13: ='2'!$D15 | D13: ='3'!$D15 | E13: ='4'!$D15 | F13: ='5'!$D15 | G13: ='6'!$D15 | H13: ='7'!$D15 | I13: ='8'!$D15 | J13: ='9'!$D15 | K13: ='10'!$D15 | L13: ='11'!$D15 | M13: ='12'!$D15 | N13: ='13'!$D15 | O13: ='14'!$D15 | P13: ='15'!$D15 | Q13: ='16'!$D15 | R13: ='17'!$D15 | S13: ='18'!$D15 | T13: ='19'!$D15 | U13: ='20'!$D15 | V13: ='21'!$D15 | W13: ='22'!$D15 | X13: ='23'!$D15 | Y13: ='24'!$D15 | Z13: ='25'!$D15 | AA13: ='26'!$D15 | AB13: ='27'!$D15 | AC13: ='28'!$D15 | AD13: ='29'!$D15 | AH13: CHEM | AI13: =B13 | AJ13: =AI13+C13 | AK13: =AJ13+D13 | AL13: =AK13+E13 | AM13: =AL13+F13 | AN13: =AM13+G13 | AO13: =AN13+H13 | AP13: =AO13+I13 | AQ13: =AP13+J13 | ... BK13: =BJ13+AD13 | BO13: CHEM | BP13: =AI13/AI$2 | BQ13: =AJ13/AJ$2 | BR13: =AK13/AK$2 | BS13: =AL13/AL$2 | BT13: =AM13/AM$2 | BU13: =AN13/AN$2 | BV13: =AO13/AO$2 | BW13: =AP13/AP$2 | ... CR13: =BK13/BK$2 | CV13: CHEM | CW13: 0 | CY13: CHEM | CZ13: =CW13+B13 | DA13: =CZ13+C13 | DB13: =DA13+D13 | DC13: =DB13+E13 | DD13: =DC13+F13 | DE13: =DD13+G13 | DF13: =DE13+H13 | DG13: =DF13+I13 | DH13: =DG13+J13 | ... EB13: =EA13+AD13 | EF13: CHEM | EG13: =CZ13/EG$2 | EH13: =DA13/EH$2 | EI13: =DB13/EI$2 | EJ13: =DC13/EJ$2 | EK13: =DD13/EK$2 | EL13: =DE13/EL$2 | EM13: =DF13/EM$2 | EN13: =DG13/EN$2 | ... FI13: =EB13/FI$2
A14: AUTO | B14: ='1'!$D16 | C14: ='2'!$D16 | D14: ='3'!$D16 | E14: ='4'!$D16 | F14: ='5'!$D16 | G14: ='6'!$D16 | H14: ='7'!$D16 | I14: ='8'!$D16 | J14: ='9'!$D16 | K14: ='10'!$D16 | L14: ='11'!$D16 | M14: ='12'!$D16 | N14: ='13'!$D16 | O14: ='14'!$D16 | P14: ='15'!$D16 | Q14: ='16'!$D16 | R14: ='17'!$D16 | S14: ='18'!$D16 | T14: ='19'!$D16 | U14: ='20'!$D16 | V14: ='21'!$D16 | W14: ='22'!$D16 | X14: ='23'!$D16 | Y14: ='24'!$D16 | Z14: ='25'!$D16 | AA14: ='26'!$D16 | AB14: ='27'!$D16 | AC14: ='28'!$D16 | AD14: ='29'!$D16 | AH14: AUTO | AI14: =B14 | AJ14: =AI14+C14 | AK14: =AJ14+D14 | AL14: =AK14+E14 | AM14: =AL14+F14 | AN14: =AM14+G14 | AO14: =AN14+H14 | AP14: =AO14+I14 | AQ14: =AP14+J14 | ... BK14: =BJ14+AD14 | BO14: AUTO | BP14: =AI14/AI$2 | BQ14: =AJ14/AJ$2 | BR14: =AK14/AK$2 | BS14: =AL14/AL$2 | BT14: =AM14/AM$2 | BU14: =AN14/AN$2 | BV14: =AO14/AO$2 | BW14: =AP14/AP$2 | ... CR14: =BK14/BK$2 | CV14: AUTO | CW14: 0 | CY14: AUTO | CZ14: =CW14+B14 | DA14: =CZ14+C14 | DB14: =DA14+D14 | DC14: =DB14+E14 | DD14: =DC14+F14 | DE14: =DD14+G14 | DF14: =DE14+H14 | DG14: =DF14+I14 | DH14: =DG14+J14 | ... EB14: =EA14+AD14 | EF14: AUTO | EG14: =CZ14/EG$2 | EH14: =DA14/EH$2 | EI14: =DB14/EI$2 | EJ14: =DC14/EJ$2 | EK14: =DD14/EK$2 | EL14: =DE14/EL$2 | EM14: =DF14/EM$2 | EN14: =DG14/EN$2 | ... FI14: =EB14/FI$2
A15: OTHERS | B15: ='1'!$D17 | C15: ='2'!$D17 | D15: ='3'!$D17 | E15: ='4'!$D17 | F15: ='5'!$D17 | G15: ='6'!$D17 | H15: ='7'!$D17 | I15: ='8'!$D17 | J15: ='9'!$D17 | K15: ='10'!$D17 | L15: ='11'!$D17 | M15: ='12'!$D17 | N15: ='13'!$D17 | O15: ='14'!$D17 | P15: ='15'!$D17 | Q15: ='16'!$D17 | R15: ='17'!$D17 | S15: ='18'!$D17 | T15: ='19'!$D17 | U15: ='20'!$D17 | V15: ='21'!$D17 | W15: ='22'!$D17 | X15: ='23'!$D17 | Y15: ='24'!$D17 | Z15: ='25'!$D17 | AA15: ='26'!$D17 | AB15: ='27'!$D17 | AC15: ='28'!$D17 | AD15: ='29'!$D17 | AH15: OTHERS | AI15: =B15 | AJ15: =AI15+C15 | AK15: =AJ15+D15 | AL15: =AK15+E15 | AM15: =AL15+F15 | AN15: =AM15+G15 | AO15: =AN15+H15 | AP15: =AO15+I15 | AQ15: =AP15+J15 | ... BK15: =BJ15+AD15 | BO15: OTHERS | BP15: =AI15/AI$2 | BQ15: =AJ15/AJ$2 | BR15: =AK15/AK$2 | BS15: =AL15/AL$2 | BT15: =AM15/AM$2 | BU15: =AN15/AN$2 | BV15: =AO15/AO$2 | BW15: =AP15/AP$2 | ... CR15: =BK15/BK$2 | CV15: OTHERS | CW15: 0 | CY15: OTHERS | CZ15: =CW15+B15 | DA15: =CZ15+C15 | DB15: =DA15+D15 | DC15: =DB15+E15 | DD15: =DC15+F15 | DE15: =DD15+G15 | DF15: =DE15+H15 | DG15: =DF15+I15 | DH15: =DG15+J15 | ... EB15: =EA15+AD15 | EF15: OTHERS | EG15: =CZ15/EG$2 | EH15: =DA15/EH$2 | EI15: =DB15/EI$2 | EJ15: =DC15/EJ$2 | EK15: =DD15/EK$2 | EL15: =DE15/EL$2 | EM15: =DF15/EM$2 | EN15: =DG15/EN$2 | ... FI15: =EB15/FI$2
A16: TOTAL | B16: =SUM(B3:B15) | C16: =SUM(C3:C15) | D16: =SUM(D3:D15) | E16: =SUM(E3:E15) | F16: =SUM(F3:F15) | G16: =SUM(G3:G15) | H16: =SUM(H3:H15) | I16: =SUM(I3:I15) | ... AD16: =SUM(AD3:AD15) | AH16: TOTAL | AI16: =SUM(AI3:AI15) | AJ16: =SUM(AJ3:AJ15) | AK16: =SUM(AK3:AK15) | AL16: =SUM(AL3:AL15) | AM16: =SUM(AM3:AM15) | AN16: =SUM(AN3:AN15) | AO16: =SUM(AO3:AO15) | AP16: =SUM(AP3:AP15) | ... BM16: =SUM(BM3:BM15) | BO16: TOTAL | BP16: =SUM(BP3:BP15) | BQ16: =SUM(BQ3:BQ15) | BR16: =SUM(BR3:BR15) | BS16: =SUM(BS3:BS15) | BT16: =SUM(BT3:BT15) | BU16: =SUM(BU3:BU15) | BV16: =SUM(BV3:BV15) | BW16: =SUM(BW3:BW15) | ... CT16: =SUM(CT3:CT15) | CV16: TOTAL | CW16: =SUM(CW3:CW15) | CY16: TOTAL | CZ16: =SUM(CZ3:CZ15) | DA16: =SUM(DA3:DA15) | DB16: =SUM(DB3:DB15) | DC16: =SUM(DC3:DC15) | DD16: =SUM(DD3:DD15) | DE16: =SUM(DE3:DE15) | DF16: =SUM(DF3:DF15) | DG16: =SUM(DG3:DG15) | ... ED16: =SUM(ED3:ED15) | EF16: TOTAL | EG16: =SUM(EG3:EG15) | EH16: =SUM(EH3:EH15) | EI16: =SUM(EI3:EI15) | EJ16: =SUM(EJ3:EJ15) | EK16: =SUM(EK3:EK15) | EL16: =SUM(EL3:EL15) | EM16: =SUM(EM3:EM15) | EN16: =SUM(EN3:EN15) | ... FK16: =SUM(FK3:FK15)
A18: CURRENT YEAR DIVISIONWISE DAILY LOADING | AH18: CURRENT YEAR DIVISIONWISE MONTHLY LOADING | BO18: CURRENT YEAR DIVISIONWISE MONTHLY AVG LOADING | CY18: CURRENT YEAR DIVISIONWISE YEARLY CUMMULATIVE LOADING | EF18: CURRENT YEAR DIVISIONWISE YEARLY AVG LOADING
A19: DIV | B19: 1 | C19: 2 | D19: 3 | E19: 4 | F19: 5 | G19: 6 | H19: 7 | I19: 8 | J19: 9 | K19: 10 | L19: 11 | M19: 12 | N19: 13 | O19: 14 | P19: 15 | Q19: 16 | R19: 17 | S19: 18 | T19: 19 | U19: 20 | V19: 21 | W19: 22 | X19: 23 | Y19: 24 | Z19: 25 | AA19: 26 | AB19: 27 | AC19: 28 | AD19: 29 | AE19: 30 | AF19: 31 | AH19: DIV | AI19: 1 | AJ19: 2 | AK19: 3 | AL19: 4 | AM19: 5 | AN19: 6 | AO19: 7 | AP19: 8 | AQ19: 9 | AR19: 10 | AS19: 11 | AT19: 12 | AU19: 13 | AV19: 14 | AW19: 15 | AX19: 16 | AY19: 17 | AZ19: 18 | BA19: 19 | BB19: 20 | BC19: 21 | BD19: 22 | BE19: 23 | BF19: 24 | BG19: 25 | BH19: 26 | BI19: 27 | BJ19: 28 | BK19: 29 | BL19: 30 | BM19: 31 | BO19: DIV | BP19: 1 | BQ19: 2 | BR19: 3 | BS19: 4 | BT19: 5 | BU19: 6 | BV19: 7 | BW19: 8 | BX19: 9 | BY19: 10 | BZ19: 11 | CA19: 12 | CB19: 13 | CC19: 14 | CD19: 15 | CE19: 16 | CF19: 17 | CG19: 18 | CH19: 19 | CI19: 20 | CJ19: 21 | CK19: 22 | CL19: 23 | CM19: 24 | CN19: 25 | CO19: 26 | CP19: 27 | CQ19: 28 | CR19: 29 | CS19: 30 | CT19: 31 | CV19: DIV | CY19: DIV | CZ19: 1 | DA19: 2 | DB19: 3 | DC19: 4 | DD19: 5 | DE19: 6 | DF19: 7 | DG19: 8 | DH19: 9 | DI19: 10 | DJ19: 11 | DK19: 12 | DL19: 13 | DM19: 14 | DN19: 15 | DO19: 16 | DP19: 17 | DQ19: 18 | DR19: 19 | DS19: 20 | DT19: 21 | DU19: 22 | DV19: 23 | DW19: 24 | DX19: 25 | DY19: 26 | DZ19: 27 | EA19: 28 | EB19: 29 | EC19: 30 | ED19: 31 | EF19: DIV | EG19: =EG2 | EH19: =EH2 | EI19: =EI2 | EJ19: =EJ2 | EK19: =EK2 | EL19: =EL2 | EM19: =EM2 | EN19: =EN2 | ... FK19: =FK2
A20: ADI | B20: ='1'!$D21 | C20: ='2'!$D21 | D20: ='3'!$D21 | E20: ='4'!$D21 | F20: ='5'!$D21 | G20: ='6'!$D21 | H20: ='7'!$D21 | I20: ='8'!$D21 | J20: ='9'!$D21 | K20: ='10'!$D21 | L20: ='11'!$D21 | M20: ='12'!$D21 | N20: ='13'!$D21 | O20: ='14'!$D21 | P20: ='15'!$D21 | Q20: ='16'!$D21 | R20: ='17'!$D21 | S20: ='18'!$D21 | T20: ='19'!$D21 | U20: ='20'!$D21 | V20: ='21'!$D21 | W20: ='22'!$D21 | X20: ='23'!$D21 | Y20: ='24'!$D21 | Z20: ='25'!$D21 | AA20: ='26'!$D21 | AB20: ='27'!$D21 | AC20: ='28'!$D21 | AD20: ='29'!$D21 | AH20: ADI | AI20: =B20 | AJ20: =AI20+C20 | AK20: =AJ20+D20 | AL20: =AK20+E20 | AM20: =AL20+F20 | AN20: =AM20+G20 | AO20: =AN20+H20 | AP20: =AO20+I20 | AQ20: =AP20+J20 | ... BK20: =BJ20+AD20 | BO20: ADI | BP20: =AI20/AI$2 | BQ20: =AJ20/AJ$2 | BR20: =AK20/AK$2 | BS20: =AL20/AL$2 | BT20: =AM20/AM$2 | BU20: =AN20/AN$2 | BV20: =AO20/AO$2 | BW20: =AP20/AP$2 | ... CR20: =BK20/BK$2 | CV20: ADI | CW20: 0 | CY20: ADI | CZ20: =CW20+B20 | DA20: =CZ20+C20 | DB20: =DA20+D20 | DC20: =DB20+E20 | DD20: =DC20+F20 | DE20: =DD20+G20 | DF20: =DE20+H20 | DG20: =DF20+I20 | DH20: =DG20+J20 | ... EB20: =EA20+AD20 | EF20: ADI | EG20: =CZ20/EG$2 | EH20: =DA20/EH$2 | EI20: =DB20/EI$2 | EJ20: =DC20/EJ$2 | EK20: =DD20/EK$2 | EL20: =DE20/EL$2 | EM20: =DF20/EM$2 | EN20: =DG20/EN$2 | ... FI20: =EB20/FI$2
A21: GIMB | B21: ='1'!$D22 | C21: ='2'!$D22 | D21: ='3'!$D22 | E21: ='4'!$D22 | F21: ='5'!$D22 | G21: ='6'!$D22 | H21: ='7'!$D22 | I21: ='8'!$D22 | J21: ='9'!$D22 | K21: ='10'!$D22 | L21: ='11'!$D22 | M21: ='12'!$D22 | N21: ='13'!$D22 | O21: ='14'!$D22 | P21: ='15'!$D22 | Q21: ='16'!$D22 | R21: ='17'!$D22 | S21: ='18'!$D22 | T21: ='19'!$D22 | U21: ='20'!$D22 | V21: ='21'!$D22 | W21: ='22'!$D22 | X21: ='23'!$D22 | Y21: ='24'!$D22 | Z21: ='25'!$D22 | AA21: ='26'!$D22 | AB21: ='27'!$D22 | AC21: ='28'!$D22 | AD21: ='29'!$D22 | AH21: GIMB | AI21: =B21 | AJ21: =AI21+C21 | AK21: =AJ21+D21 | AL21: =AK21+E21 | AM21: =AL21+F21 | AN21: =AM21+G21 | AO21: =AN21+H21 | AP21: =AO21+I21 | AQ21: =AP21+J21 | ... BK21: =BJ21+AD21 | BO21: GIMB | BP21: =AI21/AI$2 | BQ21: =AJ21/AJ$2 | BR21: =AK21/AK$2 | BS21: =AL21/AL$2 | BT21: =AM21/AM$2 | BU21: =AN21/AN$2 | BV21: =AO21/AO$2 | BW21: =AP21/AP$2 | ... CR21: =BK21/BK$2 | CV21: GIMB | CW21: 0 | CY21: GIMB | CZ21: =CW21+B21 | DA21: =CZ21+C21 | DB21: =DA21+D21 | DC21: =DB21+E21 | DD21: =DC21+F21 | DE21: =DD21+G21 | DF21: =DE21+H21 | DG21: =DF21+I21 | DH21: =DG21+J21 | ... EB21: =EA21+AD21 | EF21: GIMB | EG21: =CZ21/EG$2 | EH21: =DA21/EH$2 | EI21: =DB21/EI$2 | EJ21: =DC21/EJ$2 | EK21: =DD21/EK$2 | EL21: =DE21/EL$2 | EM21: =DF21/EM$2 | EN21: =DG21/EN$2 | ... FI21: =EB21/FI$2
A22: BCT | B22: ='1'!$D23 | C22: ='2'!$D23 | D22: ='3'!$D23 | E22: ='4'!$D23 | F22: ='5'!$D23 | G22: ='6'!$D23 | H22: ='7'!$D23 | I22: ='8'!$D23 | J22: ='9'!$D23 | K22: ='10'!$D23 | L22: ='11'!$D23 | M22: ='12'!$D23 | N22: ='13'!$D23 | O22: ='14'!$D23 | P22: ='15'!$D23 | Q22: ='16'!$D23 | R22: ='17'!$D23 | S22: ='18'!$D23 | T22: ='19'!$D23 | U22: ='20'!$D23 | V22: ='21'!$D23 | W22: ='22'!$D23 | X22: ='23'!$D23 | Y22: ='24'!$D23 | Z22: ='25'!$D23 | AA22: ='26'!$D23 | AB22: ='27'!$D23 | AC22: ='28'!$D23 | AD22: ='29'!$D23 | AH22: BCT | AI22: =B22 | AJ22: =AI22+C22 | AK22: =AJ22+D22 | AL22: =AK22+E22 | AM22: =AL22+F22 | AN22: =AM22+G22 | AO22: =AN22+H22 | AP22: =AO22+I22 | AQ22: =AP22+J22 | ... BK22: =BJ22+AD22 | BO22: BCT | BP22: =AI22/AI$2 | BQ22: =AJ22/AJ$2 | BR22: =AK22/AK$2 | BS22: =AL22/AL$2 | BT22: =AM22/AM$2 | BU22: =AN22/AN$2 | BV22: =AO22/AO$2 | BW22: =AP22/AP$2 | ... CR22: =BK22/BK$2 | CV22: BCT | CW22: 0 | CY22: BCT | CZ22: =CW22+B22 | DA22: =CZ22+C22 | DB22: =DA22+D22 | DC22: =DB22+E22 | DD22: =DC22+F22 | DE22: =DD22+G22 | DF22: =DE22+H22 | DG22: =DF22+I22 | DH22: =DG22+J22 | ... EB22: =EA22+AD22 | EF22: BCT | EG22: =CZ22/EG$2 | EH22: =DA22/EH$2 | EI22: =DB22/EI$2 | EJ22: =DC22/EJ$2 | EK22: =DD22/EK$2 | EL22: =DE22/EL$2 | EM22: =DF22/EM$2 | EN22: =DG22/EN$2 | ... FI22: =EB22/FI$2
A23: BRC | B23: ='1'!$D24 | C23: ='2'!$D24 | D23: ='3'!$D24 | E23: ='4'!$D24 | F23: ='5'!$D24 | G23: ='6'!$D24 | H23: ='7'!$D24 | I23: ='8'!$D24 | J23: ='9'!$D24 | K23: ='10'!$D24 | L23: ='11'!$D24 | M23: ='12'!$D24 | N23: ='13'!$D24 | O23: ='14'!$D24 | P23: ='15'!$D24 | Q23: ='16'!$D24 | R23: ='17'!$D24 | S23: ='18'!$D24 | T23: ='19'!$D24 | U23: ='20'!$D24 | V23: ='21'!$D24 | W23: ='22'!$D24 | X23: ='23'!$D24 | Y23: ='24'!$D24 | Z23: ='25'!$D24 | AA23: ='26'!$D24 | AB23: ='27'!$D24 | AC23: ='28'!$D24 | AD23: ='29'!$D24 | AH23: BRC | AI23: =B23 | AJ23: =AI23+C23 | AK23: =AJ23+D23 | AL23: =AK23+E23 | AM23: =AL23+F23 | AN23: =AM23+G23 | AO23: =AN23+H23 | AP23: =AO23+I23 | AQ23: =AP23+J23 | ... BK23: =BJ23+AD23 | BO23: BRC | BP23: =AI23/AI$2 | BQ23: =AJ23/AJ$2 | BR23: =AK23/AK$2 | BS23: =AL23/AL$2 | BT23: =AM23/AM$2 | BU23: =AN23/AN$2 | BV23: =AO23/AO$2 | BW23: =AP23/AP$2 | ... CR23: =BK23/BK$2 | CV23: BRC | CW23: 0 | CY23: BRC | CZ23: =CW23+B23 | DA23: =CZ23+C23 | DB23: =DA23+D23 | DC23: =DB23+E23 | DD23: =DC23+F23 | DE23: =DD23+G23 | DF23: =DE23+H23 | DG23: =DF23+I23 | DH23: =DG23+J23 | ... EB23: =EA23+AD23 | EF23: BRC | EG23: =CZ23/EG$2 | EH23: =DA23/EH$2 | EI23: =DB23/EI$2 | EJ23: =DC23/EJ$2 | EK23: =DD23/EK$2 | EL23: =DE23/EL$2 | EM23: =DF23/EM$2 | EN23: =DG23/EN$2 | ... FI23: =EB23/FI$2
A24: RJT | B24: ='1'!$D25 | C24: ='2'!$D25 | D24: ='3'!$D25 | E24: ='4'!$D25 | F24: ='5'!$D25 | G24: ='6'!$D25 | H24: ='7'!$D25 | I24: ='8'!$D25 | J24: ='9'!$D25 | K24: ='10'!$D25 | L24: ='11'!$D25 | M24: ='12'!$D25 | N24: ='13'!$D25 | O24: ='14'!$D25 | P24: ='15'!$D25 | Q24: ='16'!$D25 | R24: ='17'!$D25 | S24: ='18'!$D25 | T24: ='19'!$D25 | U24: ='20'!$D25 | V24: ='21'!$D25 | W24: ='22'!$D25 | X24: ='23'!$D25 | Y24: ='24'!$D25 | Z24: ='25'!$D25 | AA24: ='26'!$D25 | AB24: ='27'!$D25 | AC24: ='28'!$D25 | AD24: ='29'!$D25 | AH24: RJT | AI24: =B24 | AJ24: =AI24+C24 | AK24: =AJ24+D24 | AL24: =AK24+E24 | AM24: =AL24+F24 | AN24: =AM24+G24 | AO24: =AN24+H24 | AP24: =AO24+I24 | AQ24: =AP24+J24 | ... BK24: =BJ24+AD24 | BO24: RJT | BP24: =AI24/AI$2 | BQ24: =AJ24/AJ$2 | BR24: =AK24/AK$2 | BS24: =AL24/AL$2 | BT24: =AM24/AM$2 | BU24: =AN24/AN$2 | BV24: =AO24/AO$2 | BW24: =AP24/AP$2 | ... CR24: =BK24/BK$2 | CV24: RJT | CW24: 0 | CY24: RJT | CZ24: =CW24+B24 | DA24: =CZ24+C24 | DB24: =DA24+D24 | DC24: =DB24+E24 | DD24: =DC24+F24 | DE24: =DD24+G24 | DF24: =DE24+H24 | DG24: =DF24+I24 | DH24: =DG24+J24 | ... EB24: =EA24+AD24 | EF24: RJT | EG24: =CZ24/EG$2 | EH24: =DA24/EH$2 | EI24: =DB24/EI$2 | EJ24: =DC24/EJ$2 | EK24: =DD24/EK$2 | EL24: =DE24/EL$2 | EM24: =DF24/EM$2 | EN24: =DG24/EN$2 | ... FI24: =EB24/FI$2
A25: BVP | B25: ='1'!$D26 | C25: ='2'!$D26 | D25: ='3'!$D26 | E25: ='4'!$D26 | F25: ='5'!$D26 | G25: ='6'!$D26 | H25: ='7'!$D26 | I25: ='8'!$D26 | J25: ='9'!$D26 | K25: ='10'!$D26 | L25: ='11'!$D26 | M25: ='12'!$D26 | N25: ='13'!$D26 | O25: ='14'!$D26 | P25: ='15'!$D26 | Q25: ='16'!$D26 | R25: ='17'!$D26 | S25: ='18'!$D26 | T25: ='19'!$D26 | U25: ='20'!$D26 | V25: ='21'!$D26 | W25: ='22'!$D26 | X25: ='23'!$D26 | Y25: ='24'!$D26 | Z25: ='25'!$D26 | AA25: ='26'!$D26 | AB25: ='27'!$D26 | AC25: ='28'!$D26 | AD25: ='29'!$D26 | AH25: BVP | AI25: =B25 | AJ25: =AI25+C25 | AK25: =AJ25+D25 | AL25: =AK25+E25 | AM25: =AL25+F25 | AN25: =AM25+G25 | AO25: =AN25+H25 | AP25: =AO25+I25 | AQ25: =AP25+J25 | ... BK25: =BJ25+AD25 | BO25: BVP | BP25: =AI25/AI$2 | BQ25: =AJ25/AJ$2 | BR25: =AK25/AK$2 | BS25: =AL25/AL$2 | BT25: =AM25/AM$2 | BU25: =AN25/AN$2 | BV25: =AO25/AO$2 | BW25: =AP25/AP$2 | ... CR25: =BK25/BK$2 | CV25: BVP | CW25: 0 | CY25: BVP | CZ25: =CW25+B25 | DA25: =CZ25+C25 | DB25: =DA25+D25 | DC25: =DB25+E25 | DD25: =DC25+F25 | DE25: =DD25+G25 | DF25: =DE25+H25 | DG25: =DF25+I25 | DH25: =DG25+J25 | ... EB25: =EA25+AD25 | EF25: BVP | EG25: =CZ25/EG$2 | EH25: =DA25/EH$2 | EI25: =DB25/EI$2 | EJ25: =DC25/EJ$2 | EK25: =DD25/EK$2 | EL25: =DE25/EL$2 | EM25: =DF25/EM$2 | EN25: =DG25/EN$2 | ... FI25: =EB25/FI$2
A26: RTM | B26: ='1'!$D27 | C26: ='2'!$D27 | D26: ='3'!$D27 | E26: ='4'!$D27 | F26: ='5'!$D27 | G26: ='6'!$D27 | H26: ='7'!$D27 | I26: ='8'!$D27 | J26: ='9'!$D27 | K26: ='10'!$D27 | L26: ='11'!$D27 | M26: ='12'!$D27 | N26: ='13'!$D27 | O26: ='14'!$D27 | P26: ='15'!$D27 | Q26: ='16'!$D27 | R26: ='17'!$D27 | S26: ='18'!$D27 | T26: ='19'!$D27 | U26: ='20'!$D27 | V26: ='21'!$D27 | W26: ='22'!$D27 | X26: ='23'!$D27 | Y26: ='24'!$D27 | Z26: ='25'!$D27 | AA26: ='26'!$D27 | AB26: ='27'!$D27 | AC26: ='28'!$D27 | AD26: ='29'!$D27 | AH26: RTM | AI26: =B26 | AJ26: =AI26+C26 | AK26: =AJ26+D26 | AL26: =AK26+E26 | AM26: =AL26+F26 | AN26: =AM26+G26 | AO26: =AN26+H26 | AP26: =AO26+I26 | AQ26: =AP26+J26 | ... BK26: =BJ26+AD26 | BO26: RTM | BP26: =AI26/AI$2 | BQ26: =AJ26/AJ$2 | BR26: =AK26/AK$2 | BS26: =AL26/AL$2 | BT26: =AM26/AM$2 | BU26: =AN26/AN$2 | BV26: =AO26/AO$2 | BW26: =AP26/AP$2 | ... CR26: =BK26/BK$2 | CV26: RTM | CW26: 0 | CY26: RTM | CZ26: =CW26+B26 | DA26: =CZ26+C26 | DB26: =DA26+D26 | DC26: =DB26+E26 | DD26: =DC26+F26 | DE26: =DD26+G26 | DF26: =DE26+H26 | DG26: =DF26+I26 | DH26: =DG26+J26 | ... EB26: =EA26+AD26 | EF26: RTM | EG26: =CZ26/EG$2 | EH26: =DA26/EH$2 | EI26: =DB26/EI$2 | EJ26: =DC26/EJ$2 | EK26: =DD26/EK$2 | EL26: =DE26/EL$2 | EM26: =DF26/EM$2 | EN26: =DG26/EN$2 | ... FI26: =EB26/FI$2
A27: TOTAL | B27: =SUM(B20:B26) | C27: =SUM(C20:C26) | D27: =SUM(D20:D26) | E27: =SUM(E20:E26) | F27: =SUM(F20:F26) | G27: =SUM(G20:G26) | H27: =SUM(H20:H26) | I27: =SUM(I20:I26) | ... AD27: =SUM(AD20:AD26) | AH27: TOTAL | AI27: =SUM(AI20:AI26) | AJ27: =SUM(AJ20:AJ26) | AK27: =SUM(AK20:AK26) | AL27: =SUM(AL20:AL26) | AM27: =SUM(AM20:AM26) | AN27: =SUM(AN20:AN26) | AO27: =SUM(AO20:AO26) | AP27: =SUM(AP20:AP26) | ... BM27: =SUM(BM20:BM26) | BO27: TOTAL | BP27: =SUM(BP20:BP26) | BQ27: =SUM(BQ20:BQ26) | BR27: =SUM(BR20:BR26) | BS27: =SUM(BS20:BS26) | BT27: =SUM(BT20:BT26) | BU27: =SUM(BU20:BU26) | BV27: =SUM(BV20:BV26) | BW27: =SUM(BW20:BW26) | ... CT27: =SUM(CT20:CT26) | CV27: TOTAL | CW27: =SUM(CW20:CW26) | CY27: TOTAL | CZ27: =SUM(CZ20:CZ26) | DA27: =SUM(DA20:DA26) | DB27: =SUM(DB20:DB26) | DC27: =SUM(DC20:DC26) | DD27: =SUM(DD20:DD26) | DE27: =SUM(DE20:DE26) | DF27: =SUM(DF20:DF26) | DG27: =SUM(DG20:DG26) | ... ED27: =SUM(ED20:ED26) | EF27: TOTAL | EG27: =SUM(EG20:EG26) | EH27: =SUM(EH20:EH26) | EI27: =SUM(EI20:EI26) | EJ27: =SUM(EJ20:EJ26) | EK27: =SUM(EK20:EK26) | EL27: =SUM(EL20:EL26) | EM27: =SUM(EM20:EM26) | EN27: =SUM(EN20:EN26) | ... FI27: =SUM(FI20:FI26) | FJ27: =EC27/FJ$19 | FK27: =ED27/FK$19
A30: LAST YEAR COMMODITYWISE DAILY LOADING ( COPY PASTE VALUE ONLY) | AH30: LAST YEAR COMMODITY WISEMONTHLY CUMMULATIVE LOADING ( COPY PASTE VALUE ONLY) | BO30: LAST YEAR COMMODITYWISE MONTHLY AVGLOADING ( COPY PASTE VALUE ONLY) | CY30: LAST YEAR COMMODITYWISE YEARLY AVGLOADING ( COPY PASTE VALUE ONLY)
A31: COMM | B31: 1 | C31: 2 | D31: 3 | E31: 4 | F31: 5 | G31: 6 | H31: 7 | I31: 8 | J31: 9 | K31: 10 | L31: 11 | M31: 12 | N31: 13 | O31: 14 | P31: 15 | Q31: 16 | R31: 17 | S31: 18 | T31: 19 | U31: 20 | V31: 21 | W31: 22 | X31: 23 | Y31: 24 | Z31: 25 | AA31: 26 | AB31: 27 | AC31: 28 | AD31: 29 | AE31: 30 | AF31: 31 | AH31: COMM | AI31: 1 | AJ31: 2 | AK31: 3 | AL31: 4 | AM31: 5 | AN31: 6 | AO31: 7 | AP31: 8 | AQ31: 9 | AR31: 10 | AS31: 11 | AT31: 12 | AU31: 13 | AV31: 14 | AW31: 15 | AX31: 16 | AY31: 17 | AZ31: 18 | BA31: 19 | BB31: 20 | BC31: 21 | BD31: 22 | BE31: 23 | BF31: 24 | BG31: 25 | BH31: 26 | BI31: 27 | BJ31: 28 | BK31: 29 | BL31: 30 | BM31: 31 | BO31: COMM | BP31: 1 | BQ31: 2 | BR31: 3 | BS31: 4 | BT31: 5 | BU31: 6 | BV31: 7 | BW31: 8 | BX31: 9 | BY31: 10 | BZ31: 11 | CA31: 12 | CB31: 13 | CC31: 14 | CD31: 15 | CE31: 16 | CF31: 17 | CG31: 18 | CH31: 19 | CI31: 20 | CJ31: 21 | CK31: 22 | CL31: 23 | CM31: 24 | CN31: 25 | CO31: 26 | CP31: 27 | CQ31: 28 | CR31: 29 | CS31: 30 | CT31: 31 | CY31: COMM | CZ31: 1 | DA31: 2 | DB31: 3 | DC31: 4 | DD31: 5 | DE31: 6 | DF31: 7 | DG31: 8 | DH31: 9 | DI31: 10 | DJ31: 11 | DK31: 12 | DL31: 13 | DM31: 14 | DN31: 15 | DO31: 16 | DP31: 17 | DQ31: 18 | DR31: 19 | DS31: 20 | DT31: 21 | DU31: 22 | DV31: 23 | DW31: 24 | DX31: 25 | DY31: 26 | DZ31: 27 | EA31: 28 | EB31: 29 | EC31: 30 | ED31: 31
A32: CEM | B32: 0 | C32: 0 | D32: 0 | E32: 0 | F32: 0 | G32: 0 | H32: 0 | I32: 0 | J32: 0 | K32: 0 | L32: 0 | M32: 0 | N32: 0 | O32: 0 | P32: 0 | Q32: 0 | R32: 0 | S32: 0 | T32: 0 | U32: 0 | V32: 0 | W32: 0 | X32: 0 | Y32: 0 | Z32: 0 | AA32: 0 | AB32: 0 | AC32: 0 | AD32: 0 | AH32: CEM | AI32: =SUM($B32:B32)/1 | AJ32: =SUM($B32:C32)/2 | AK32: =SUM($B32:D32)/3 | AL32: =SUM($B32:E32)/4 | AM32: =SUM($B32:F32)/5 | AN32: =SUM($B32:G32)/6 | AO32: =SUM($B32:H32)/7 | AP32: =SUM($B32:I32)/8 | AQ32: =SUM($B32:J32)/9 | AR32: =SUM($B32:K32)/10 | AS32: =SUM($B32:L32)/11 | AT32: =SUM($B32:M32)/12 | AU32: =SUM($B32:N32)/13 | AV32: =SUM($B32:O32)/14 | AW32: =SUM($B32:P32)/15 | AX32: =SUM($B32:Q32)/16 | AY32: =SUM($B32:R32)/17 | AZ32: =SUM($B32:S32)/18 | BA32: =SUM($B32:T32)/19 | BB32: =SUM($B32:U32)/20 | BC32: =SUM($B32:V32)/21 | BD32: =SUM($B32:W32)/22 | BE32: =SUM($B32:X32)/23 | BF32: =SUM($B32:Y32)/24 | BG32: =SUM($B32:Z32)/25 | BH32: =SUM($B32:AA32)/26 | BI32: =SUM($B32:AB32)/27 | BJ32: =SUM($B32:AC32)/28 | BK32: =SUM($B32:AD32)/29 | BO32: CEM | BP32: =(0.0+SUM($B32:B32))/(306+1) | BQ32: =(0.0+SUM($B32:C32))/(306+2) | BR32: =(0.0+SUM($B32:D32))/(306+3) | BS32: =(0.0+SUM($B32:E32))/(306+4) | BT32: =(0.0+SUM($B32:F32))/(306+5) | BU32: =(0.0+SUM($B32:G32))/(306+6) | BV32: =(0.0+SUM($B32:H32))/(306+7) | BW32: =(0.0+SUM($B32:I32))/(306+8) | BX32: =(0.0+SUM($B32:J32))/(306+9) | BY32: =(0.0+SUM($B32:K32))/(306+10) | BZ32: =(0.0+SUM($B32:L32))/(306+11) | CA32: =(0.0+SUM($B32:M32))/(306+12) | CB32: =(0.0+SUM($B32:N32))/(306+13) | CC32: =(0.0+SUM($B32:O32))/(306+14) | CD32: =(0.0+SUM($B32:P32))/(306+15) | CE32: =(0.0+SUM($B32:Q32))/(306+16) | CF32: =(0.0+SUM($B32:R32))/(306+17) | CG32: =(0.0+SUM($B32:S32))/(306+18) | CH32: =(0.0+SUM($B32:T32))/(306+19) | CI32: =(0.0+SUM($B32:U32))/(306+20) | CJ32: =(0.0+SUM($B32:V32))/(306+21) | CK32: =(0.0+SUM($B32:W32))/(306+22) | CL32: =(0.0+SUM($B32:X32))/(306+23) | CM32: =(0.0+SUM($B32:Y32))/(306+24) | CN32: =(0.0+SUM($B32:Z32))/(306+25) | CO32: =(0.0+SUM($B32:AA32))/(306+26) | CP32: =(0.0+SUM($B32:AB32))/(306+27) | CQ32: =(0.0+SUM($B32:AC32))/(306+28) | CR32: =(0.0+SUM($B32:AD32))/(306+29) | CY32: CEM | CZ32: 586.47154 | DA32: 586.20968 | DB32: 586.896 | DC32: 586.03175 | DD32: 585.10236 | DE32: 585.79688 | DF32: 584.89147 | DG32: 583.61538 | DH32: 581.9771 | DI32: 581.12121 | DJ32: 579.13534 | DK32: 577.28358 | DL32: 576.0963 | DM32: 574.75 | DN32: 573.43796 | DO32: 571.69565 | DP32: 570.31655 | DQ32: 568.35714 | DR32: 566.52482 | DS32: 565.5 | DT32: 564.92308 | DU32: 565.26389 | DV32: 564.37931 | DW32: 562.46575 | DX32: 562.30612 | DY32: 561.39865 | DZ32: 561.62416 | EA32: 561.84 | EB32: 560.61589 | EC32: 559.39474 | ED32: 560.01307
A33: COAL | B33: 0 | C33: 0 | D33: 0 | E33: 0 | F33: 0 | G33: 0 | H33: 0 | I33: 0 | J33: 0 | K33: 0 | L33: 0 | M33: 0 | N33: 0 | O33: 0 | P33: 0 | Q33: 0 | R33: 0 | S33: 0 | T33: 0 | U33: 0 | V33: 0 | W33: 0 | X33: 0 | Y33: 0 | Z33: 0 | AA33: 0 | AB33: 0 | AC33: 0 | AD33: 0 | AH33: COAL | AI33: =SUM($B33:B33)/1 | AJ33: =SUM($B33:C33)/2 | AK33: =SUM($B33:D33)/3 | AL33: =SUM($B33:E33)/4 | AM33: =SUM($B33:F33)/5 | AN33: =SUM($B33:G33)/6 | AO33: =SUM($B33:H33)/7 | AP33: =SUM($B33:I33)/8 | AQ33: =SUM($B33:J33)/9 | AR33: =SUM($B33:K33)/10 | AS33: =SUM($B33:L33)/11 | AT33: =SUM($B33:M33)/12 | AU33: =SUM($B33:N33)/13 | AV33: =SUM($B33:O33)/14 | AW33: =SUM($B33:P33)/15 | AX33: =SUM($B33:Q33)/16 | AY33: =SUM($B33:R33)/17 | AZ33: =SUM($B33:S33)/18 | BA33: =SUM($B33:T33)/19 | BB33: =SUM($B33:U33)/20 | BC33: =SUM($B33:V33)/21 | BD33: =SUM($B33:W33)/22 | BE33: =SUM($B33:X33)/23 | BF33: =SUM($B33:Y33)/24 | BG33: =SUM($B33:Z33)/25 | BH33: =SUM($B33:AA33)/26 | BI33: =SUM($B33:AB33)/27 | BJ33: =SUM($B33:AC33)/28 | BK33: =SUM($B33:AD33)/29 | BO33: COAL | BP33: =(0.0+SUM($B33:B33))/(306+1) | BQ33: =(0.0+SUM($B33:C33))/(306+2) | BR33: =(0.0+SUM($B33:D33))/(306+3) | BS33: =(0.0+SUM($B33:E33))/(306+4) | BT33: =(0.0+SUM($B33:F33))/(306+5) | BU33: =(0.0+SUM($B33:G33))/(306+6) | BV33: =(0.0+SUM($B33:H33))/(306+7) | BW33: =(0.0+SUM($B33:I33))/(306+8) | BX33: =(0.0+SUM($B33:J33))/(306+9) | BY33: =(0.0+SUM($B33:K33))/(306+10) | BZ33: =(0.0+SUM($B33:L33))/(306+11) | CA33: =(0.0+SUM($B33:M33))/(306+12) | CB33: =(0.0+SUM($B33:N33))/(306+13) | CC33: =(0.0+SUM($B33:O33))/(306+14) | CD33: =(0.0+SUM($B33:P33))/(306+15) | CE33: =(0.0+SUM($B33:Q33))/(306+16) | CF33: =(0.0+SUM($B33:R33))/(306+17) | CG33: =(0.0+SUM($B33:S33))/(306+18) | CH33: =(0.0+SUM($B33:T33))/(306+19) | CI33: =(0.0+SUM($B33:U33))/(306+20) | CJ33: =(0.0+SUM($B33:V33))/(306+21) | CK33: =(0.0+SUM($B33:W33))/(306+22) | CL33: =(0.0+SUM($B33:X33))/(306+23) | CM33: =(0.0+SUM($B33:Y33))/(306+24) | CN33: =(0.0+SUM($B33:Z33))/(306+25) | CO33: =(0.0+SUM($B33:AA33))/(306+26) | CP33: =(0.0+SUM($B33:AB33))/(306+27) | CQ33: =(0.0+SUM($B33:AC33))/(306+28) | CR33: =(0.0+SUM($B33:AD33))/(306+29) | CY33: COAL | CZ33: 205.2439 | DA33: 206.8871 | DB33: 207.112 | DC33: 207.3254 | DD33: 207.04724 | DE33: 206.35156 | DF33: 204.75194 | DG33: 203.59231 | DH33: 202.93893 | DI33: 202.69697 | DJ33: 202.93233 | DK33: 204.02239 | DL33: 204.23704 | DM33: 204.875 | DN33: 205.94161 | DO33: 206.13043 | DP33: 206.7482 | DQ33: 206.95 | DR33: 206.71631 | DS33: 206.07042 | DT33: 206.25874 | DU33: 205.63889 | DV33: 206.24138 | DW33: 206.82192 | DX33: 207.41497 | DY33: 207.98649 | DZ33: 207.7651 | EA33: 208.33333 | EB33: 208.09272 | EC33: 207.49342 | ED33: 207.29412
A34: CONT | B34: 0 | C34: 0 | D34: 0 | E34: 0 | F34: 0 | G34: 0 | H34: 0 | I34: 0 | J34: 0 | K34: 0 | L34: 0 | M34: 0 | N34: 0 | O34: 0 | P34: 0 | Q34: 0 | R34: 0 | S34: 0 | T34: 0 | U34: 0 | V34: 0 | W34: 0 | X34: 0 | Y34: 0 | Z34: 0 | AA34: 0 | AB34: 0 | AC34: 0 | AD34: 0 | AH34: CONT | AI34: =SUM($B34:B34)/1 | AJ34: =SUM($B34:C34)/2 | AK34: =SUM($B34:D34)/3 | AL34: =SUM($B34:E34)/4 | AM34: =SUM($B34:F34)/5 | AN34: =SUM($B34:G34)/6 | AO34: =SUM($B34:H34)/7 | AP34: =SUM($B34:I34)/8 | AQ34: =SUM($B34:J34)/9 | AR34: =SUM($B34:K34)/10 | AS34: =SUM($B34:L34)/11 | AT34: =SUM($B34:M34)/12 | AU34: =SUM($B34:N34)/13 | AV34: =SUM($B34:O34)/14 | AW34: =SUM($B34:P34)/15 | AX34: =SUM($B34:Q34)/16 | AY34: =SUM($B34:R34)/17 | AZ34: =SUM($B34:S34)/18 | BA34: =SUM($B34:T34)/19 | BB34: =SUM($B34:U34)/20 | BC34: =SUM($B34:V34)/21 | BD34: =SUM($B34:W34)/22 | BE34: =SUM($B34:X34)/23 | BF34: =SUM($B34:Y34)/24 | BG34: =SUM($B34:Z34)/25 | BH34: =SUM($B34:AA34)/26 | BI34: =SUM($B34:AB34)/27 | BJ34: =SUM($B34:AC34)/28 | BK34: =SUM($B34:AD34)/29 | BO34: CONT | BP34: =(0.0+SUM($B34:B34))/(306+1) | BQ34: =(0.0+SUM($B34:C34))/(306+2) | BR34: =(0.0+SUM($B34:D34))/(306+3) | BS34: =(0.0+SUM($B34:E34))/(306+4) | BT34: =(0.0+SUM($B34:F34))/(306+5) | BU34: =(0.0+SUM($B34:G34))/(306+6) | BV34: =(0.0+SUM($B34:H34))/(306+7) | BW34: =(0.0+SUM($B34:I34))/(306+8) | BX34: =(0.0+SUM($B34:J34))/(306+9) | BY34: =(0.0+SUM($B34:K34))/(306+10) | BZ34: =(0.0+SUM($B34:L34))/(306+11) | CA34: =(0.0+SUM($B34:M34))/(306+12) | CB34: =(0.0+SUM($B34:N34))/(306+13) | CC34: =(0.0+SUM($B34:O34))/(306+14) | CD34: =(0.0+SUM($B34:P34))/(306+15) | CE34: =(0.0+SUM($B34:Q34))/(306+16) | CF34: =(0.0+SUM($B34:R34))/(306+17) | CG34: =(0.0+SUM($B34:S34))/(306+18) | CH34: =(0.0+SUM($B34:T34))/(306+19) | CI34: =(0.0+SUM($B34:U34))/(306+20) | CJ34: =(0.0+SUM($B34:V34))/(306+21) | CK34: =(0.0+SUM($B34:W34))/(306+22) | CL34: =(0.0+SUM($B34:X34))/(306+23) | CM34: =(0.0+SUM($B34:Y34))/(306+24) | CN34: =(0.0+SUM($B34:Z34))/(306+25) | CO34: =(0.0+SUM($B34:AA34))/(306+26) | CP34: =(0.0+SUM($B34:AB34))/(306+27) | CQ34: =(0.0+SUM($B34:AC34))/(306+28) | CR34: =(0.0+SUM($B34:AD34))/(306+29) | CY34: CONT | CZ34: 2560.4146 | DA34: 2559.75 | DB34: 2559.616 | DC34: 2560.5159 | DD34: 2562.4173 | DE34: 2563.6562 | DF34: 2565.5271 | DG34: 2562.2308 | DH34: 2563.0992 | DI34: 2560.7727 | DJ34: 2562.2632 | DK34: 2557.9328 | DL34: 2556.5926 | DM34: 2555.1324 | DN34: 2555.4818 | DO34: 2556.8913 | DP34: 2555.1942 | DQ34: 2554.2857 | DR34: 2553.3262 | DS34: 2551.162 | DT34: 2550.3427 | DU34: 2550.8472 | DV34: 2551.6345 | DW34: 2552.9658 | DX34: 2556.102 | DY34: 2557.4797 | DZ34: 2557.3893 | EA34: 2556.5333 | EB34: 2554.5166 | EC34: 2555.0921 | ED34: 2555.8693
A35: FERT | B35: 0 | C35: 0 | D35: 0 | E35: 0 | F35: 0 | G35: 0 | H35: 0 | I35: 0 | J35: 0 | K35: 0 | L35: 0 | M35: 0 | N35: 0 | O35: 0 | P35: 0 | Q35: 0 | R35: 0 | S35: 0 | T35: 0 | U35: 0 | V35: 0 | W35: 0 | X35: 0 | Y35: 0 | Z35: 0 | AA35: 0 | AB35: 0 | AC35: 0 | AD35: 0 | AH35: FERT | AI35: =SUM($B35:B35)/1 | AJ35: =SUM($B35:C35)/2 | AK35: =SUM($B35:D35)/3 | AL35: =SUM($B35:E35)/4 | AM35: =SUM($B35:F35)/5 | AN35: =SUM($B35:G35)/6 | AO35: =SUM($B35:H35)/7 | AP35: =SUM($B35:I35)/8 | AQ35: =SUM($B35:J35)/9 | AR35: =SUM($B35:K35)/10 | AS35: =SUM($B35:L35)/11 | AT35: =SUM($B35:M35)/12 | AU35: =SUM($B35:N35)/13 | AV35: =SUM($B35:O35)/14 | AW35: =SUM($B35:P35)/15 | AX35: =SUM($B35:Q35)/16 | AY35: =SUM($B35:R35)/17 | AZ35: =SUM($B35:S35)/18 | BA35: =SUM($B35:T35)/19 | BB35: =SUM($B35:U35)/20 | BC35: =SUM($B35:V35)/21 | BD35: =SUM($B35:W35)/22 | BE35: =SUM($B35:X35)/23 | BF35: =SUM($B35:Y35)/24 | BG35: =SUM($B35:Z35)/25 | BH35: =SUM($B35:AA35)/26 | BI35: =SUM($B35:AB35)/27 | BJ35: =SUM($B35:AC35)/28 | BK35: =SUM($B35:AD35)/29 | BO35: FERT | BP35: =(0.0+SUM($B35:B35))/(306+1) | BQ35: =(0.0+SUM($B35:C35))/(306+2) | BR35: =(0.0+SUM($B35:D35))/(306+3) | BS35: =(0.0+SUM($B35:E35))/(306+4) | BT35: =(0.0+SUM($B35:F35))/(306+5) | BU35: =(0.0+SUM($B35:G35))/(306+6) | BV35: =(0.0+SUM($B35:H35))/(306+7) | BW35: =(0.0+SUM($B35:I35))/(306+8) | BX35: =(0.0+SUM($B35:J35))/(306+9) | BY35: =(0.0+SUM($B35:K35))/(306+10) | BZ35: =(0.0+SUM($B35:L35))/(306+11) | CA35: =(0.0+SUM($B35:M35))/(306+12) | CB35: =(0.0+SUM($B35:N35))/(306+13) | CC35: =(0.0+SUM($B35:O35))/(306+14) | CD35: =(0.0+SUM($B35:P35))/(306+15) | CE35: =(0.0+SUM($B35:Q35))/(306+16) | CF35: =(0.0+SUM($B35:R35))/(306+17) | CG35: =(0.0+SUM($B35:S35))/(306+18) | CH35: =(0.0+SUM($B35:T35))/(306+19) | CI35: =(0.0+SUM($B35:U35))/(306+20) | CJ35: =(0.0+SUM($B35:V35))/(306+21) | CK35: =(0.0+SUM($B35:W35))/(306+22) | CL35: =(0.0+SUM($B35:X35))/(306+23) | CM35: =(0.0+SUM($B35:Y35))/(306+24) | CN35: =(0.0+SUM($B35:Z35))/(306+25) | CO35: =(0.0+SUM($B35:AA35))/(306+26) | CP35: =(0.0+SUM($B35:AB35))/(306+27) | CQ35: =(0.0+SUM($B35:AC35))/(306+28) | CR35: =(0.0+SUM($B35:AD35))/(306+29) | CY35: FERT | CZ35: 310.7561 | DA35: 311.08065 | DB35: 311.168 | DC35: 311.83333 | DD35: 311.9685 | DE35: 312.07812 | DF35: 312.58915 | DG35: 312.44615 | DH35: 312.9542 | DI35: 312.9697 | DJ35: 313.28571 | DK35: 313.41791 | DL35: 313.58519 | DM35: 314.02206 | DN35: 315.07299 | DO35: 315.34058 | DP35: 316.04317 | DQ35: 317.12857 | DR35: 319.2695 | DS35: 319.50704 | DT35: 320.27972 | DU35: 320.9375 | DV35: 321.32414 | DW35: 321.28767 | DX35: 321.7483 | DY35: 321.20946 | DZ35: 321.83221 | EA35: 323.08667 | EB35: 323.41722 | EC35: 324.09211 | ED35: 323.72549
A36: IMFT | B36: 0 | C36: 0 | D36: 0 | E36: 0 | F36: 0 | G36: 0 | H36: 0 | I36: 0 | J36: 0 | K36: 0 | L36: 0 | M36: 0 | N36: 0 | O36: 0 | P36: 0 | Q36: 0 | R36: 0 | S36: 0 | T36: 0 | U36: 0 | V36: 0 | W36: 0 | X36: 0 | Y36: 0 | Z36: 0 | AA36: 0 | AB36: 0 | AC36: 0 | AD36: 0 | AH36: IMFT | AI36: =SUM($B36:B36)/1 | AJ36: =SUM($B36:C36)/2 | AK36: =SUM($B36:D36)/3 | AL36: =SUM($B36:E36)/4 | AM36: =SUM($B36:F36)/5 | AN36: =SUM($B36:G36)/6 | AO36: =SUM($B36:H36)/7 | AP36: =SUM($B36:I36)/8 | AQ36: =SUM($B36:J36)/9 | AR36: =SUM($B36:K36)/10 | AS36: =SUM($B36:L36)/11 | AT36: =SUM($B36:M36)/12 | AU36: =SUM($B36:N36)/13 | AV36: =SUM($B36:O36)/14 | AW36: =SUM($B36:P36)/15 | AX36: =SUM($B36:Q36)/16 | AY36: =SUM($B36:R36)/17 | AZ36: =SUM($B36:S36)/18 | BA36: =SUM($B36:T36)/19 | BB36: =SUM($B36:U36)/20 | BC36: =SUM($B36:V36)/21 | BD36: =SUM($B36:W36)/22 | BE36: =SUM($B36:X36)/23 | BF36: =SUM($B36:Y36)/24 | BG36: =SUM($B36:Z36)/25 | BH36: =SUM($B36:AA36)/26 | BI36: =SUM($B36:AB36)/27 | BJ36: =SUM($B36:AC36)/28 | BK36: =SUM($B36:AD36)/29 | BO36: IMFT | BP36: =(0.0+SUM($B36:B36))/(306+1) | BQ36: =(0.0+SUM($B36:C36))/(306+2) | BR36: =(0.0+SUM($B36:D36))/(306+3) | BS36: =(0.0+SUM($B36:E36))/(306+4) | BT36: =(0.0+SUM($B36:F36))/(306+5) | BU36: =(0.0+SUM($B36:G36))/(306+6) | BV36: =(0.0+SUM($B36:H36))/(306+7) | BW36: =(0.0+SUM($B36:I36))/(306+8) | BX36: =(0.0+SUM($B36:J36))/(306+9) | BY36: =(0.0+SUM($B36:K36))/(306+10) | BZ36: =(0.0+SUM($B36:L36))/(306+11) | CA36: =(0.0+SUM($B36:M36))/(306+12) | CB36: =(0.0+SUM($B36:N36))/(306+13) | CC36: =(0.0+SUM($B36:O36))/(306+14) | CD36: =(0.0+SUM($B36:P36))/(306+15) | CE36: =(0.0+SUM($B36:Q36))/(306+16) | CF36: =(0.0+SUM($B36:R36))/(306+17) | CG36: =(0.0+SUM($B36:S36))/(306+18) | CH36: =(0.0+SUM($B36:T36))/(306+19) | CI36: =(0.0+SUM($B36:U36))/(306+20) | CJ36: =(0.0+SUM($B36:V36))/(306+21) | CK36: =(0.0+SUM($B36:W36))/(306+22) | CL36: =(0.0+SUM($B36:X36))/(306+23) | CM36: =(0.0+SUM($B36:Y36))/(306+24) | CN36: =(0.0+SUM($B36:Z36))/(306+25) | CO36: =(0.0+SUM($B36:AA36))/(306+26) | CP36: =(0.0+SUM($B36:AB36))/(306+27) | CQ36: =(0.0+SUM($B36:AC36))/(306+28) | CR36: =(0.0+SUM($B36:AD36))/(306+29) | CY36: IMFT | CZ36: 305.31707 | DA36: 307.08871 | DB36: 309.464 | DC36: 311.96825 | DD36: 313.62992 | DE36: 314.75 | DF36: 316.72093 | DG36: 319.13846 | DH36: 321.1145 | DI36: 323.37121 | DJ36: 325.58647 | DK36: 328.33582 | DL36: 330.3037 | DM36: 333.04412 | DN36: 335.25547 | DO36: 337.30435 | DP36: 340.23022 | DQ36: 343.22857 | DR36: 343.89362 | DS36: 345.96479 | DT36: 347.59441 | DU36: 349.92361 | DV36: 352.17241 | DW36: 354.68493 | DX36: 357.70748 | DY36: 359.5473 | DZ36: 362.83893 | EA36: 363.88667 | EB36: 366.62914 | EC36: 368.50658 | ED36: 371.18954
A37: POL | B37: 0 | C37: 0 | D37: 0 | E37: 0 | F37: 0 | G37: 0 | H37: 0 | I37: 0 | J37: 0 | K37: 0 | L37: 0 | M37: 0 | N37: 0 | O37: 0 | P37: 0 | Q37: 0 | R37: 0 | S37: 0 | T37: 0 | U37: 0 | V37: 0 | W37: 0 | X37: 0 | Y37: 0 | Z37: 0 | AA37: 0 | AB37: 0 | AC37: 0 | AD37: 0 | AH37: POL | AI37: =SUM($B37:B37)/1 | AJ37: =SUM($B37:C37)/2 | AK37: =SUM($B37:D37)/3 | AL37: =SUM($B37:E37)/4 | AM37: =SUM($B37:F37)/5 | AN37: =SUM($B37:G37)/6 | AO37: =SUM($B37:H37)/7 | AP37: =SUM($B37:I37)/8 | AQ37: =SUM($B37:J37)/9 | AR37: =SUM($B37:K37)/10 | AS37: =SUM($B37:L37)/11 | AT37: =SUM($B37:M37)/12 | AU37: =SUM($B37:N37)/13 | AV37: =SUM($B37:O37)/14 | AW37: =SUM($B37:P37)/15 | AX37: =SUM($B37:Q37)/16 | AY37: =SUM($B37:R37)/17 | AZ37: =SUM($B37:S37)/18 | BA37: =SUM($B37:T37)/19 | BB37: =SUM($B37:U37)/20 | BC37: =SUM($B37:V37)/21 | BD37: =SUM($B37:W37)/22 | BE37: =SUM($B37:X37)/23 | BF37: =SUM($B37:Y37)/24 | BG37: =SUM($B37:Z37)/25 | BH37: =SUM($B37:AA37)/26 | BI37: =SUM($B37:AB37)/27 | BJ37: =SUM($B37:AC37)/28 | BK37: =SUM($B37:AD37)/29 | BO37: POL | BP37: =(0.0+SUM($B37:B37))/(306+1) | BQ37: =(0.0+SUM($B37:C37))/(306+2) | BR37: =(0.0+SUM($B37:D37))/(306+3) | BS37: =(0.0+SUM($B37:E37))/(306+4) | BT37: =(0.0+SUM($B37:F37))/(306+5) | BU37: =(0.0+SUM($B37:G37))/(306+6) | BV37: =(0.0+SUM($B37:H37))/(306+7) | BW37: =(0.0+SUM($B37:I37))/(306+8) | BX37: =(0.0+SUM($B37:J37))/(306+9) | BY37: =(0.0+SUM($B37:K37))/(306+10) | BZ37: =(0.0+SUM($B37:L37))/(306+11) | CA37: =(0.0+SUM($B37:M37))/(306+12) | CB37: =(0.0+SUM($B37:N37))/(306+13) | CC37: =(0.0+SUM($B37:O37))/(306+14) | CD37: =(0.0+SUM($B37:P37))/(306+15) | CE37: =(0.0+SUM($B37:Q37))/(306+16) | CF37: =(0.0+SUM($B37:R37))/(306+17) | CG37: =(0.0+SUM($B37:S37))/(306+18) | CH37: =(0.0+SUM($B37:T37))/(306+19) | CI37: =(0.0+SUM($B37:U37))/(306+20) | CJ37: =(0.0+SUM($B37:V37))/(306+21) | CK37: =(0.0+SUM($B37:W37))/(306+22) | CL37: =(0.0+SUM($B37:X37))/(306+23) | CM37: =(0.0+SUM($B37:Y37))/(306+24) | CN37: =(0.0+SUM($B37:Z37))/(306+25) | CO37: =(0.0+SUM($B37:AA37))/(306+26) | CP37: =(0.0+SUM($B37:AB37))/(306+27) | CQ37: =(0.0+SUM($B37:AC37))/(306+28) | CR37: =(0.0+SUM($B37:AD37))/(306+29) | CY37: POL | CZ37: 642.00813 | DA37: 641.47581 | DB37: 640.176 | DC37: 642.11905 | DD37: 641.46457 | DE37: 641.82812 | DF37: 641.68217 | DG37: 641.42308 | DH37: 642.41221 | DI37: 642.37121 | DJ37: 642.03008 | DK37: 642.57463 | DL37: 642.02222 | DM37: 642.02941 | DN37: 641.07299 | DO37: 640.31884 | DP37: 638.84892 | DQ37: 637.71429 | DR37: 638.41844 | DS37: 637.88028 | DT37: 636.81119 | DU37: 635.54167 | DV37: 635.22069 | DW37: 634.82192 | DX37: 635.04082 | DY37: 633.98649 | DZ37: 633.48993 | EA37: 633.14667 | EB37: 633.02649 | EC37: 633.18421 | ED37: 632.76471
A38: SALT | B38: 0 | C38: 0 | D38: 0 | E38: 0 | F38: 0 | G38: 0 | H38: 0 | I38: 0 | J38: 0 | K38: 0 | L38: 0 | M38: 0 | N38: 0 | O38: 0 | P38: 0 | Q38: 0 | R38: 0 | S38: 0 | T38: 0 | U38: 0 | V38: 0 | W38: 0 | X38: 0 | Y38: 0 | Z38: 0 | AA38: 0 | AB38: 0 | AC38: 0 | AD38: 0 | AH38: SALT | AI38: =SUM($B38:B38)/1 | AJ38: =SUM($B38:C38)/2 | AK38: =SUM($B38:D38)/3 | AL38: =SUM($B38:E38)/4 | AM38: =SUM($B38:F38)/5 | AN38: =SUM($B38:G38)/6 | AO38: =SUM($B38:H38)/7 | AP38: =SUM($B38:I38)/8 | AQ38: =SUM($B38:J38)/9 | AR38: =SUM($B38:K38)/10 | AS38: =SUM($B38:L38)/11 | AT38: =SUM($B38:M38)/12 | AU38: =SUM($B38:N38)/13 | AV38: =SUM($B38:O38)/14 | AW38: =SUM($B38:P38)/15 | AX38: =SUM($B38:Q38)/16 | AY38: =SUM($B38:R38)/17 | AZ38: =SUM($B38:S38)/18 | BA38: =SUM($B38:T38)/19 | BB38: =SUM($B38:U38)/20 | BC38: =SUM($B38:V38)/21 | BD38: =SUM($B38:W38)/22 | BE38: =SUM($B38:X38)/23 | BF38: =SUM($B38:Y38)/24 | BG38: =SUM($B38:Z38)/25 | BH38: =SUM($B38:AA38)/26 | BI38: =SUM($B38:AB38)/27 | BJ38: =SUM($B38:AC38)/28 | BK38: =SUM($B38:AD38)/29 | BO38: SALT | BP38: =(0.0+SUM($B38:B38))/(306+1) | BQ38: =(0.0+SUM($B38:C38))/(306+2) | BR38: =(0.0+SUM($B38:D38))/(306+3) | BS38: =(0.0+SUM($B38:E38))/(306+4) | BT38: =(0.0+SUM($B38:F38))/(306+5) | BU38: =(0.0+SUM($B38:G38))/(306+6) | BV38: =(0.0+SUM($B38:H38))/(306+7) | BW38: =(0.0+SUM($B38:I38))/(306+8) | BX38: =(0.0+SUM($B38:J38))/(306+9) | BY38: =(0.0+SUM($B38:K38))/(306+10) | BZ38: =(0.0+SUM($B38:L38))/(306+11) | CA38: =(0.0+SUM($B38:M38))/(306+12) | CB38: =(0.0+SUM($B38:N38))/(306+13) | CC38: =(0.0+SUM($B38:O38))/(306+14) | CD38: =(0.0+SUM($B38:P38))/(306+15) | CE38: =(0.0+SUM($B38:Q38))/(306+16) | CF38: =(0.0+SUM($B38:R38))/(306+17) | CG38: =(0.0+SUM($B38:S38))/(306+18) | CH38: =(0.0+SUM($B38:T38))/(306+19) | CI38: =(0.0+SUM($B38:U38))/(306+20) | CJ38: =(0.0+SUM($B38:V38))/(306+21) | CK38: =(0.0+SUM($B38:W38))/(306+22) | CL38: =(0.0+SUM($B38:X38))/(306+23) | CM38: =(0.0+SUM($B38:Y38))/(306+24) | CN38: =(0.0+SUM($B38:Z38))/(306+25) | CO38: =(0.0+SUM($B38:AA38))/(306+26) | CP38: =(0.0+SUM($B38:AB38))/(306+27) | CQ38: =(0.0+SUM($B38:AC38))/(306+28) | CR38: =(0.0+SUM($B38:AD38))/(306+29) | CY38: SALT | CZ38: 387.07317 | DA38: 387.8871 | DB38: 389.592 | DC38: 389.9127 | DD38: 389.66929 | DE38: 390.5625 | DF38: 390.99225 | DG38: 391.71538 | DH38: 392.53435 | DI38: 393.75 | DJ38: 394.5188 | DK38: 395.20149 | DL38: 396.12593 | DM38: 396.74265 | DN38: 396.37956 | DO38: 394.50725 | DP38: 393.69784 | DQ38: 395.40714 | DR38: 394.31915 | DS38: 395.64789 | DT38: 396.14685 | DU38: 395.625 | DV38: 394.45517 | DW38: 395.26712 | DX38: 394.86395 | DY38: 394.65541 | DZ38: 394.85906 | EA38: 394.74667 | EB38: 395.87417 | EC38: 395.64474 | ED38: 396.17647
A39: STEEL | B39: 0 | C39: 0 | D39: 0 | E39: 0 | F39: 0 | G39: 0 | H39: 0 | I39: 0 | J39: 0 | K39: 0 | L39: 0 | M39: 0 | N39: 0 | O39: 0 | P39: 0 | Q39: 0 | R39: 0 | S39: 0 | T39: 0 | U39: 0 | V39: 0 | W39: 0 | X39: 0 | Y39: 0 | Z39: 0 | AA39: 0 | AB39: 0 | AC39: 0 | AD39: 0 | AH39: STEEL | AI39: =SUM($B39:B39)/1 | AJ39: =SUM($B39:C39)/2 | AK39: =SUM($B39:D39)/3 | AL39: =SUM($B39:E39)/4 | AM39: =SUM($B39:F39)/5 | AN39: =SUM($B39:G39)/6 | AO39: =SUM($B39:H39)/7 | AP39: =SUM($B39:I39)/8 | AQ39: =SUM($B39:J39)/9 | AR39: =SUM($B39:K39)/10 | AS39: =SUM($B39:L39)/11 | AT39: =SUM($B39:M39)/12 | AU39: =SUM($B39:N39)/13 | AV39: =SUM($B39:O39)/14 | AW39: =SUM($B39:P39)/15 | AX39: =SUM($B39:Q39)/16 | AY39: =SUM($B39:R39)/17 | AZ39: =SUM($B39:S39)/18 | BA39: =SUM($B39:T39)/19 | BB39: =SUM($B39:U39)/20 | BC39: =SUM($B39:V39)/21 | BD39: =SUM($B39:W39)/22 | BE39: =SUM($B39:X39)/23 | BF39: =SUM($B39:Y39)/24 | BG39: =SUM($B39:Z39)/25 | BH39: =SUM($B39:AA39)/26 | BI39: =SUM($B39:AB39)/27 | BJ39: =SUM($B39:AC39)/28 | BK39: =SUM($B39:AD39)/29 | BO39: STEEL | BP39: =(0.0+SUM($B39:B39))/(306+1) | BQ39: =(0.0+SUM($B39:C39))/(306+2) | BR39: =(0.0+SUM($B39:D39))/(306+3) | BS39: =(0.0+SUM($B39:E39))/(306+4) | BT39: =(0.0+SUM($B39:F39))/(306+5) | BU39: =(0.0+SUM($B39:G39))/(306+6) | BV39: =(0.0+SUM($B39:H39))/(306+7) | BW39: =(0.0+SUM($B39:I39))/(306+8) | BX39: =(0.0+SUM($B39:J39))/(306+9) | BY39: =(0.0+SUM($B39:K39))/(306+10) | BZ39: =(0.0+SUM($B39:L39))/(306+11) | CA39: =(0.0+SUM($B39:M39))/(306+12) | CB39: =(0.0+SUM($B39:N39))/(306+13) | CC39: =(0.0+SUM($B39:O39))/(306+14) | CD39: =(0.0+SUM($B39:P39))/(306+15) | CE39: =(0.0+SUM($B39:Q39))/(306+16) | CF39: =(0.0+SUM($B39:R39))/(306+17) | CG39: =(0.0+SUM($B39:S39))/(306+18) | CH39: =(0.0+SUM($B39:T39))/(306+19) | CI39: =(0.0+SUM($B39:U39))/(306+20) | CJ39: =(0.0+SUM($B39:V39))/(306+21) | CK39: =(0.0+SUM($B39:W39))/(306+22) | CL39: =(0.0+SUM($B39:X39))/(306+23) | CM39: =(0.0+SUM($B39:Y39))/(306+24) | CN39: =(0.0+SUM($B39:Z39))/(306+25) | CO39: =(0.0+SUM($B39:AA39))/(306+26) | CP39: =(0.0+SUM($B39:AB39))/(306+27) | CQ39: =(0.0+SUM($B39:AC39))/(306+28) | CR39: =(0.0+SUM($B39:AD39))/(306+29) | CY39: STEEL | CZ39: 35.723577 | DA39: 35.782258 | DB39: 35.496 | DC39: 35.555556 | DD39: 35.614173 | DE39: 35.671875 | DF39: 35.728682 | DG39: 35.784615 | DH39: 35.839695 | DI39: 35.893939 | DJ39: 35.62406 | DK39: 35.358209 | DL39: 35.096296 | DM39: 35.470588 | DN39: 35.525547 | DO39: 35.57971 | DP39: 35.323741 | DQ39: 35.992857 | DR39: 35.737589 | DS39: 35.485915 | DT39: 35.237762 | DU39: 35.284722 | DV39: 36.227586 | DW39: 36.568493 | DX39: 36.319728 | DY39: 36.655405 | DZ39: 36.409396 | EA39: 36.446667 | EB39: 36.205298 | EC39: 36.532895 | ED39: 36.575163
A40: DOC | B40: 0 | C40: 0 | D40: 0 | E40: 0 | F40: 0 | G40: 0 | H40: 0 | I40: 0 | J40: 0 | K40: 0 | L40: 0 | M40: 0 | N40: 0 | O40: 0 | P40: 0 | Q40: 0 | R40: 0 | S40: 0 | T40: 0 | U40: 0 | V40: 0 | W40: 0 | X40: 0 | Y40: 0 | Z40: 0 | AA40: 0 | AB40: 0 | AC40: 0 | AD40: 0 | AH40: DOC | AI40: =SUM($B40:B40)/1 | AJ40: =SUM($B40:C40)/2 | AK40: =SUM($B40:D40)/3 | AL40: =SUM($B40:E40)/4 | AM40: =SUM($B40:F40)/5 | AN40: =SUM($B40:G40)/6 | AO40: =SUM($B40:H40)/7 | AP40: =SUM($B40:I40)/8 | AQ40: =SUM($B40:J40)/9 | AR40: =SUM($B40:K40)/10 | AS40: =SUM($B40:L40)/11 | AT40: =SUM($B40:M40)/12 | AU40: =SUM($B40:N40)/13 | AV40: =SUM($B40:O40)/14 | AW40: =SUM($B40:P40)/15 | AX40: =SUM($B40:Q40)/16 | AY40: =SUM($B40:R40)/17 | AZ40: =SUM($B40:S40)/18 | BA40: =SUM($B40:T40)/19 | BB40: =SUM($B40:U40)/20 | BC40: =SUM($B40:V40)/21 | BD40: =SUM($B40:W40)/22 | BE40: =SUM($B40:X40)/23 | BF40: =SUM($B40:Y40)/24 | BG40: =SUM($B40:Z40)/25 | BH40: =SUM($B40:AA40)/26 | BI40: =SUM($B40:AB40)/27 | BJ40: =SUM($B40:AC40)/28 | BK40: =SUM($B40:AD40)/29 | BO40: DOC | BP40: =(0.0+SUM($B40:B40))/(306+1) | BQ40: =(0.0+SUM($B40:C40))/(306+2) | BR40: =(0.0+SUM($B40:D40))/(306+3) | BS40: =(0.0+SUM($B40:E40))/(306+4) | BT40: =(0.0+SUM($B40:F40))/(306+5) | BU40: =(0.0+SUM($B40:G40))/(306+6) | BV40: =(0.0+SUM($B40:H40))/(306+7) | BW40: =(0.0+SUM($B40:I40))/(306+8) | BX40: =(0.0+SUM($B40:J40))/(306+9) | BY40: =(0.0+SUM($B40:K40))/(306+10) | BZ40: =(0.0+SUM($B40:L40))/(306+11) | CA40: =(0.0+SUM($B40:M40))/(306+12) | CB40: =(0.0+SUM($B40:N40))/(306+13) | CC40: =(0.0+SUM($B40:O40))/(306+14) | CD40: =(0.0+SUM($B40:P40))/(306+15) | CE40: =(0.0+SUM($B40:Q40))/(306+16) | CF40: =(0.0+SUM($B40:R40))/(306+17) | CG40: =(0.0+SUM($B40:S40))/(306+18) | CH40: =(0.0+SUM($B40:T40))/(306+19) | CI40: =(0.0+SUM($B40:U40))/(306+20) | CJ40: =(0.0+SUM($B40:V40))/(306+21) | CK40: =(0.0+SUM($B40:W40))/(306+22) | CL40: =(0.0+SUM($B40:X40))/(306+23) | CM40: =(0.0+SUM($B40:Y40))/(306+24) | CN40: =(0.0+SUM($B40:Z40))/(306+25) | CO40: =(0.0+SUM($B40:AA40))/(306+26) | CP40: =(0.0+SUM($B40:AB40))/(306+27) | CQ40: =(0.0+SUM($B40:AC40))/(306+28) | CR40: =(0.0+SUM($B40:AD40))/(306+29) | CY40: DOC | CZ40: 11.121951 | DA40: 11.201613 | DB40: 11.448 | DC40: 11.690476 | DD40: 11.598425 | DE40: 11.507812 | DF40: 11.976744 | DG40: 12.046154 | DH40: 11.954198 | DI40: 11.863636 | DJ40: 12.090226 | DK40: 12.313433 | DL40: 12.688889 | DM40: 12.75 | DN40: 12.656934 | DO40: 12.869565 | DP40: 12.776978 | DQ40: 12.985714 | DR40: 13.191489 | DS40: 13.098592 | DT40: 13.300699 | DU40: 13.5 | DV40: 13.406897 | DW40: 13.60274 | DX40: 13.510204 | DY40: 13.418919 | DZ40: 13.469799 | EA40: 13.38 | EB40: 13.291391 | EC40: 13.480263 | ED40: 13.666667
A41: FG | B41: 0 | C41: 0 | D41: 0 | E41: 0 | F41: 0 | G41: 0 | H41: 0 | I41: 0 | J41: 0 | K41: 0 | L41: 0 | M41: 0 | N41: 0 | O41: 0 | P41: 0 | Q41: 0 | R41: 0 | S41: 0 | T41: 0 | U41: 0 | V41: 0 | W41: 0 | X41: 0 | Y41: 0 | Z41: 0 | AA41: 0 | AB41: 0 | AC41: 0 | AD41: 0 | AH41: FG | AI41: =SUM($B41:B41)/1 | AJ41: =SUM($B41:C41)/2 | AK41: =SUM($B41:D41)/3 | AL41: =SUM($B41:E41)/4 | AM41: =SUM($B41:F41)/5 | AN41: =SUM($B41:G41)/6 | AO41: =SUM($B41:H41)/7 | AP41: =SUM($B41:I41)/8 | AQ41: =SUM($B41:J41)/9 | AR41: =SUM($B41:K41)/10 | AS41: =SUM($B41:L41)/11 | AT41: =SUM($B41:M41)/12 | AU41: =SUM($B41:N41)/13 | AV41: =SUM($B41:O41)/14 | AW41: =SUM($B41:P41)/15 | AX41: =SUM($B41:Q41)/16 | AY41: =SUM($B41:R41)/17 | AZ41: =SUM($B41:S41)/18 | BA41: =SUM($B41:T41)/19 | BB41: =SUM($B41:U41)/20 | BC41: =SUM($B41:V41)/21 | BD41: =SUM($B41:W41)/22 | BE41: =SUM($B41:X41)/23 | BF41: =SUM($B41:Y41)/24 | BG41: =SUM($B41:Z41)/25 | BH41: =SUM($B41:AA41)/26 | BI41: =SUM($B41:AB41)/27 | BJ41: =SUM($B41:AC41)/28 | BK41: =SUM($B41:AD41)/29 | BO41: FG | BP41: =(0.0+SUM($B41:B41))/(306+1) | BQ41: =(0.0+SUM($B41:C41))/(306+2) | BR41: =(0.0+SUM($B41:D41))/(306+3) | BS41: =(0.0+SUM($B41:E41))/(306+4) | BT41: =(0.0+SUM($B41:F41))/(306+5) | BU41: =(0.0+SUM($B41:G41))/(306+6) | BV41: =(0.0+SUM($B41:H41))/(306+7) | BW41: =(0.0+SUM($B41:I41))/(306+8) | BX41: =(0.0+SUM($B41:J41))/(306+9) | BY41: =(0.0+SUM($B41:K41))/(306+10) | BZ41: =(0.0+SUM($B41:L41))/(306+11) | CA41: =(0.0+SUM($B41:M41))/(306+12) | CB41: =(0.0+SUM($B41:N41))/(306+13) | CC41: =(0.0+SUM($B41:O41))/(306+14) | CD41: =(0.0+SUM($B41:P41))/(306+15) | CE41: =(0.0+SUM($B41:Q41))/(306+16) | CF41: =(0.0+SUM($B41:R41))/(306+17) | CG41: =(0.0+SUM($B41:S41))/(306+18) | CH41: =(0.0+SUM($B41:T41))/(306+19) | CI41: =(0.0+SUM($B41:U41))/(306+20) | CJ41: =(0.0+SUM($B41:V41))/(306+21) | CK41: =(0.0+SUM($B41:W41))/(306+22) | CL41: =(0.0+SUM($B41:X41))/(306+23) | CM41: =(0.0+SUM($B41:Y41))/(306+24) | CN41: =(0.0+SUM($B41:Z41))/(306+25) | CO41: =(0.0+SUM($B41:AA41))/(306+26) | CP41: =(0.0+SUM($B41:AB41))/(306+27) | CQ41: =(0.0+SUM($B41:AC41))/(306+28) | CR41: =(0.0+SUM($B41:AD41))/(306+29) | CY41: FG | CZ41: 26.455285 | DA41: 26.645161 | DB41: 26.824 | DC41: 26.611111 | DD41: 26.92126 | DE41: 27.859375 | DF41: 28.294574 | DG41: 29.046154 | DH41: 29.145038 | DI41: 28.962121 | DJ41: 29.496241 | DK41: 29.283582 | DL41: 29.718519 | DM41: 30.426471 | DN41: 30.226277 | DO41: 30.014493 | DP41: 29.94964 | DQ41: 30.214286 | DR41: 30.297872 | DS41: 30.394366 | DT41: 30.594406 | DU41: 30.673611 | DV41: 30.482759 | DW41: 30.561644 | DX41: 30.952381 | DY41: 31.371622 | DZ41: 31.187919 | EA41: 31.54 | EB41: 32.178808 | EC41: 31.973684 | ED41: 32.039216
A42: CHEM | B42: 0 | C42: 0 | D42: 0 | E42: 0 | F42: 0 | G42: 0 | H42: 0 | I42: 0 | J42: 0 | K42: 0 | L42: 0 | M42: 0 | N42: 0 | O42: 0 | P42: 0 | Q42: 0 | R42: 0 | S42: 0 | T42: 0 | U42: 0 | V42: 0 | W42: 0 | X42: 0 | Y42: 0 | Z42: 0 | AA42: 0 | AB42: 0 | AC42: 0 | AD42: 0 | AH42: CHEM | AI42: =SUM($B42:B42)/1 | AJ42: =SUM($B42:C42)/2 | AK42: =SUM($B42:D42)/3 | AL42: =SUM($B42:E42)/4 | AM42: =SUM($B42:F42)/5 | AN42: =SUM($B42:G42)/6 | AO42: =SUM($B42:H42)/7 | AP42: =SUM($B42:I42)/8 | AQ42: =SUM($B42:J42)/9 | AR42: =SUM($B42:K42)/10 | AS42: =SUM($B42:L42)/11 | AT42: =SUM($B42:M42)/12 | AU42: =SUM($B42:N42)/13 | AV42: =SUM($B42:O42)/14 | AW42: =SUM($B42:P42)/15 | AX42: =SUM($B42:Q42)/16 | AY42: =SUM($B42:R42)/17 | AZ42: =SUM($B42:S42)/18 | BA42: =SUM($B42:T42)/19 | BB42: =SUM($B42:U42)/20 | BC42: =SUM($B42:V42)/21 | BD42: =SUM($B42:W42)/22 | BE42: =SUM($B42:X42)/23 | BF42: =SUM($B42:Y42)/24 | BG42: =SUM($B42:Z42)/25 | BH42: =SUM($B42:AA42)/26 | BI42: =SUM($B42:AB42)/27 | BJ42: =SUM($B42:AC42)/28 | BK42: =SUM($B42:AD42)/29 | BO42: CHEM | BP42: =(0.0+SUM($B42:B42))/(306+1) | BQ42: =(0.0+SUM($B42:C42))/(306+2) | BR42: =(0.0+SUM($B42:D42))/(306+3) | BS42: =(0.0+SUM($B42:E42))/(306+4) | BT42: =(0.0+SUM($B42:F42))/(306+5) | BU42: =(0.0+SUM($B42:G42))/(306+6) | BV42: =(0.0+SUM($B42:H42))/(306+7) | BW42: =(0.0+SUM($B42:I42))/(306+8) | BX42: =(0.0+SUM($B42:J42))/(306+9) | BY42: =(0.0+SUM($B42:K42))/(306+10) | BZ42: =(0.0+SUM($B42:L42))/(306+11) | CA42: =(0.0+SUM($B42:M42))/(306+12) | CB42: =(0.0+SUM($B42:N42))/(306+13) | CC42: =(0.0+SUM($B42:O42))/(306+14) | CD42: =(0.0+SUM($B42:P42))/(306+15) | CE42: =(0.0+SUM($B42:Q42))/(306+16) | CF42: =(0.0+SUM($B42:R42))/(306+17) | CG42: =(0.0+SUM($B42:S42))/(306+18) | CH42: =(0.0+SUM($B42:T42))/(306+19) | CI42: =(0.0+SUM($B42:U42))/(306+20) | CJ42: =(0.0+SUM($B42:V42))/(306+21) | CK42: =(0.0+SUM($B42:W42))/(306+22) | CL42: =(0.0+SUM($B42:X42))/(306+23) | CM42: =(0.0+SUM($B42:Y42))/(306+24) | CN42: =(0.0+SUM($B42:Z42))/(306+25) | CO42: =(0.0+SUM($B42:AA42))/(306+26) | CP42: =(0.0+SUM($B42:AB42))/(306+27) | CQ42: =(0.0+SUM($B42:AC42))/(306+28) | CR42: =(0.0+SUM($B42:AD42))/(306+29) | CY42: CHEM | CZ42: 22.073171 | DA42: 21.895161 | DB42: 22.264 | DC42: 22.087302 | DD42: 22.488189 | DE42: 22.328125 | DF42: 22.186047 | DG42: 22.253846 | DH42: 22.083969 | DI42: 21.916667 | DJ42: 22.278195 | DK42: 22.141791 | DL42: 22.133333 | DM42: 22.705882 | DN42: 23.087591 | DO42: 22.92029 | DP42: 23.107914 | DQ42: 23.007143 | DR42: 22.879433 | DS42: 22.753521 | DT42: 22.699301 | DU42: 22.75 | DV42: 23.02069 | DW42: 23.068493 | DX42: 22.952381 | DY42: 22.905405 | DZ42: 22.879195 | EA42: 22.726667 | EB42: 22.986755 | EC42: 22.973684 | ED42: 22.895425
A43: AUTO | B43: 0 | C43: 0 | D43: 0 | E43: 0 | F43: 0 | G43: 0 | H43: 0 | I43: 0 | J43: 0 | K43: 0 | L43: 0 | M43: 0 | N43: 0 | O43: 0 | P43: 0 | Q43: 0 | R43: 0 | S43: 0 | T43: 0 | U43: 0 | V43: 0 | W43: 0 | X43: 0 | Y43: 0 | Z43: 0 | AA43: 0 | AB43: 0 | AC43: 0 | AD43: 0 | AH43: AUTO | AI43: =SUM($B43:B43)/1 | AJ43: =SUM($B43:C43)/2 | AK43: =SUM($B43:D43)/3 | AL43: =SUM($B43:E43)/4 | AM43: =SUM($B43:F43)/5 | AN43: =SUM($B43:G43)/6 | AO43: =SUM($B43:H43)/7 | AP43: =SUM($B43:I43)/8 | AQ43: =SUM($B43:J43)/9 | AR43: =SUM($B43:K43)/10 | AS43: =SUM($B43:L43)/11 | AT43: =SUM($B43:M43)/12 | AU43: =SUM($B43:N43)/13 | AV43: =SUM($B43:O43)/14 | AW43: =SUM($B43:P43)/15 | AX43: =SUM($B43:Q43)/16 | AY43: =SUM($B43:R43)/17 | AZ43: =SUM($B43:S43)/18 | BA43: =SUM($B43:T43)/19 | BB43: =SUM($B43:U43)/20 | BC43: =SUM($B43:V43)/21 | BD43: =SUM($B43:W43)/22 | BE43: =SUM($B43:X43)/23 | BF43: =SUM($B43:Y43)/24 | BG43: =SUM($B43:Z43)/25 | BH43: =SUM($B43:AA43)/26 | BI43: =SUM($B43:AB43)/27 | BJ43: =SUM($B43:AC43)/28 | BK43: =SUM($B43:AD43)/29 | BO43: AUTO | BP43: =(0.0+SUM($B43:B43))/(306+1) | BQ43: =(0.0+SUM($B43:C43))/(306+2) | BR43: =(0.0+SUM($B43:D43))/(306+3) | BS43: =(0.0+SUM($B43:E43))/(306+4) | BT43: =(0.0+SUM($B43:F43))/(306+5) | BU43: =(0.0+SUM($B43:G43))/(306+6) | BV43: =(0.0+SUM($B43:H43))/(306+7) | BW43: =(0.0+SUM($B43:I43))/(306+8) | BX43: =(0.0+SUM($B43:J43))/(306+9) | BY43: =(0.0+SUM($B43:K43))/(306+10) | BZ43: =(0.0+SUM($B43:L43))/(306+11) | CA43: =(0.0+SUM($B43:M43))/(306+12) | CB43: =(0.0+SUM($B43:N43))/(306+13) | CC43: =(0.0+SUM($B43:O43))/(306+14) | CD43: =(0.0+SUM($B43:P43))/(306+15) | CE43: =(0.0+SUM($B43:Q43))/(306+16) | CF43: =(0.0+SUM($B43:R43))/(306+17) | CG43: =(0.0+SUM($B43:S43))/(306+18) | CH43: =(0.0+SUM($B43:T43))/(306+19) | CI43: =(0.0+SUM($B43:U43))/(306+20) | CJ43: =(0.0+SUM($B43:V43))/(306+21) | CK43: =(0.0+SUM($B43:W43))/(306+22) | CL43: =(0.0+SUM($B43:X43))/(306+23) | CM43: =(0.0+SUM($B43:Y43))/(306+24) | CN43: =(0.0+SUM($B43:Z43))/(306+25) | CO43: =(0.0+SUM($B43:AA43))/(306+26) | CP43: =(0.0+SUM($B43:AB43))/(306+27) | CQ43: =(0.0+SUM($B43:AC43))/(306+28) | CR43: =(0.0+SUM($B43:AD43))/(306+29) | CY43: AUTO | CZ43: 125.35772 | DA43: 125.58065 | DB43: 125.376 | DC43: 124.77778 | DD43: 124.59843 | DE43: 124.63281 | DF43: 124.82946 | DG43: 124.85385 | DH43: 124.87786 | DI43: 124.87121 | DJ43: 124.48872 | DK43: 124.69403 | DL43: 124.52593 | DM43: 124.75735 | DN43: 125.13139 | DO43: 124.78261 | DP43: 124.99281 | DQ43: 124.65 | DR43: 125.02837 | DS43: 125.23239 | DT43: 125.58741 | DU43: 125.95833 | DV43: 126.32414 | DW43: 126.85616 | DX43: 126.87075 | DY43: 127.22297 | DZ43: 127.37584 | EA43: 127.02667 | EB43: 126.88742 | EC43: 127.05263 | ED43: 127.69935
A44: OTHERS | B44: 0 | C44: 0 | D44: 0 | E44: 0 | F44: 0 | G44: 0 | H44: 0 | I44: 0 | J44: 0 | K44: 0 | L44: 0 | M44: 0 | N44: 0 | O44: 0 | P44: 0 | Q44: 0 | R44: 0 | S44: 0 | T44: 0 | U44: 0 | V44: 0 | W44: 0 | X44: 0 | Y44: 0 | Z44: 0 | AA44: 0 | AB44: 0 | AC44: 0 | AD44: 0 | AH44: OTHERS | AI44: =SUM($B44:B44)/1 | AJ44: =SUM($B44:C44)/2 | AK44: =SUM($B44:D44)/3 | AL44: =SUM($B44:E44)/4 | AM44: =SUM($B44:F44)/5 | AN44: =SUM($B44:G44)/6 | AO44: =SUM($B44:H44)/7 | AP44: =SUM($B44:I44)/8 | AQ44: =SUM($B44:J44)/9 | AR44: =SUM($B44:K44)/10 | AS44: =SUM($B44:L44)/11 | AT44: =SUM($B44:M44)/12 | AU44: =SUM($B44:N44)/13 | AV44: =SUM($B44:O44)/14 | AW44: =SUM($B44:P44)/15 | AX44: =SUM($B44:Q44)/16 | AY44: =SUM($B44:R44)/17 | AZ44: =SUM($B44:S44)/18 | BA44: =SUM($B44:T44)/19 | BB44: =SUM($B44:U44)/20 | BC44: =SUM($B44:V44)/21 | BD44: =SUM($B44:W44)/22 | BE44: =SUM($B44:X44)/23 | BF44: =SUM($B44:Y44)/24 | BG44: =SUM($B44:Z44)/25 | BH44: =SUM($B44:AA44)/26 | BI44: =SUM($B44:AB44)/27 | BJ44: =SUM($B44:AC44)/28 | BK44: =SUM($B44:AD44)/29 | BO44: OTHERS | BP44: =(0.0+SUM($B44:B44))/(306+1) | BQ44: =(0.0+SUM($B44:C44))/(306+2) | BR44: =(0.0+SUM($B44:D44))/(306+3) | BS44: =(0.0+SUM($B44:E44))/(306+4) | BT44: =(0.0+SUM($B44:F44))/(306+5) | BU44: =(0.0+SUM($B44:G44))/(306+6) | BV44: =(0.0+SUM($B44:H44))/(306+7) | BW44: =(0.0+SUM($B44:I44))/(306+8) | BX44: =(0.0+SUM($B44:J44))/(306+9) | BY44: =(0.0+SUM($B44:K44))/(306+10) | BZ44: =(0.0+SUM($B44:L44))/(306+11) | CA44: =(0.0+SUM($B44:M44))/(306+12) | CB44: =(0.0+SUM($B44:N44))/(306+13) | CC44: =(0.0+SUM($B44:O44))/(306+14) | CD44: =(0.0+SUM($B44:P44))/(306+15) | CE44: =(0.0+SUM($B44:Q44))/(306+16) | CF44: =(0.0+SUM($B44:R44))/(306+17) | CG44: =(0.0+SUM($B44:S44))/(306+18) | CH44: =(0.0+SUM($B44:T44))/(306+19) | CI44: =(0.0+SUM($B44:U44))/(306+20) | CJ44: =(0.0+SUM($B44:V44))/(306+21) | CK44: =(0.0+SUM($B44:W44))/(306+22) | CL44: =(0.0+SUM($B44:X44))/(306+23) | CM44: =(0.0+SUM($B44:Y44))/(306+24) | CN44: =(0.0+SUM($B44:Z44))/(306+25) | CO44: =(0.0+SUM($B44:AA44))/(306+26) | CP44: =(0.0+SUM($B44:AB44))/(306+27) | CQ44: =(0.0+SUM($B44:AC44))/(306+28) | CR44: =(0.0+SUM($B44:AD44))/(306+29) | CY44: OTHERS | CZ44: 242.57724 | DA44: 242.10484 | DB44: 242.752 | DC44: 241.30159 | DD44: 240.15748 | DE44: 240.71875 | DF44: 239.72868 | DG44: 239.4 | DH44: 239.0458 | DI44: 238.12121 | DJ44: 237.4812 | DK44: 238.85075 | DL44: 238.47407 | DM44: 237.63235 | DN44: 236.70073 | DO44: 235.61594 | DP44: 235.66906 | DQ44: 235.52143 | DR44: 235.22695 | DS44: 235.84507 | DT44: 235.44755 | DU44: 235.38194 | DV44: 235.34483 | DW44: 235.65068 | DX44: 234.67347 | DY44: 234.34459 | DZ44: 235.00671 | EA44: 235.12 | EB44: 236 | EC44: 235.58553 | ED44: 235.16993
A45: TOTAL | B45: =SUM(B32:B44) | C45: =SUM(C32:C44) | D45: =SUM(D32:D44) | E45: =SUM(E32:E44) | F45: =SUM(F32:F44) | G45: =SUM(G32:G44) | H45: =SUM(H32:H44) | I45: =SUM(I32:I44) | ... AD45: =SUM(AD32:AD44) | AH45: TOTAL | AI45: =SUM(AI32:AI44) | AJ45: =SUM(AJ32:AJ44) | AK45: =SUM(AK32:AK44) | AL45: =SUM(AL32:AL44) | AM45: =SUM(AM32:AM44) | AN45: =SUM(AN32:AN44) | AO45: =SUM(AO32:AO44) | AP45: =SUM(AP32:AP44) | ... BK45: =SUM(BK32:BK44) | BL45: 5700.8333 | BM45: 5714.8065 | BO45: TOTAL | BP45: =SUM(BP32:BP44) | BQ45: =SUM(BQ32:BQ44) | BR45: =SUM(BR32:BR44) | BS45: =SUM(BS32:BS44) | BT45: =SUM(BT32:BT44) | BU45: =SUM(BU32:BU44) | BV45: =SUM(BV32:BV44) | BW45: =SUM(BW32:BW44) | ... CR45: =SUM(CR32:CR44) | CS45: 5511.0066 | CT45: 5515.0784 | CY45: TOTAL | CZ45: 5460.5935 | DA45: 5463.5887 | DB45: 5468.184 | DC45: 5471.7302 | DD45: 5472.6772 | DE45: 5477.7422 | DF45: 5479.8992 | DG45: 5477.5462 | DH45: 5479.9771 | DI45: 5478.6818 | DJ45: 5481.2105 | DK45: 5481.4104 | DL45: 5481.6 | DM45: 5484.3382 | DN45: 5485.9708 | DO45: 5483.971 | DP45: 5482.8993 | DQ45: 5485.4429 | DR45: 5484.8298 | DS45: 5484.5423 | DT45: 5485.2238 | DU45: 5487.3264 | DV45: 5490.2345 | DW45: 5494.6233 | DX45: 5500.4626 | DY45: 5502.1824 | DZ45: 5506.1275 | EA45: 5507.8133 | EB45: 5509.7219 | EC45: 5511.0066 | ED45: 5515.0784
A47: LAST YEAR DIVISIONWISE DAILY LOADING ( COPY PASTE VALUE ONLY) | AH47: LAST YEAR DIVISION WISE MONTHLY CUMMULATIVE LOADING ( COPY PASTE VALUE ONLY) | BO47: LAST YEAR DIVISIONWISE MONTHLY AVG LOADING ( COPY PASTE VALUE ONLY) | CY47: LAST YEAR DIVISIONWISE YEARLY AVG LOADING ( COPY PASTE VALUE ONLY)
A48: DIV | B48: 1 | C48: 2 | D48: 3 | E48: 4 | F48: 5 | G48: 6 | H48: 7 | I48: 8 | J48: 9 | K48: 10 | L48: 11 | M48: 12 | N48: 13 | O48: 14 | P48: 15 | Q48: 16 | R48: 17 | S48: 18 | T48: 19 | U48: 20 | V48: 21 | W48: 22 | X48: 23 | Y48: 24 | Z48: 25 | AA48: 26 | AB48: 27 | AC48: 28 | AD48: 29 | AE48: 30 | AF48: 31 | AH48: DIV | AI48: 1 | AJ48: 2 | AK48: 3 | AL48: 4 | AM48: 5 | AN48: 6 | AO48: 7 | AP48: 8 | AQ48: 9 | AR48: 10 | AS48: 11 | AT48: 12 | AU48: 13 | AV48: 14 | AW48: 15 | AX48: 16 | AY48: 17 | AZ48: 18 | BA48: 19 | BB48: 20 | BC48: 21 | BD48: 22 | BE48: 23 | BF48: 24 | BG48: 25 | BH48: 26 | BI48: 27 | BJ48: 28 | BK48: 29 | BL48: 30 | BM48: 31 | BO48: DIV | BP48: 1 | BQ48: 2 | BR48: 3 | BS48: 4 | BT48: 5 | BU48: 6 | BV48: 7 | BW48: 8 | BX48: 9 | BY48: 10 | BZ48: 11 | CA48: 12 | CB48: 13 | CC48: 14 | CD48: 15 | CE48: 16 | CF48: 17 | CG48: 18 | CH48: 19 | CI48: 20 | CJ48: 21 | CK48: 22 | CL48: 23 | CM48: 24 | CN48: 25 | CO48: 26 | CP48: 27 | CQ48: 28 | CR48: 29 | CS48: 30 | CT48: 31 | CY48: DIV | CZ48: 1 | DA48: 2 | DB48: 3 | DC48: 4 | DD48: 5 | DE48: 6 | DF48: 7 | DG48: 8 | DH48: 9 | DI48: 10 | DJ48: 11 | DK48: 12 | DL48: 13 | DM48: 14 | DN48: 15 | DO48: 16 | DP48: 17 | DQ48: 18 | DR48: 19 | DS48: 20 | DT48: 21 | DU48: 22 | DV48: 23 | DW48: 24 | DX48: 25 | DY48: 26 | DZ48: 27 | EA48: 28 | EB48: 29 | EC48: 30 | ED48: 31
A49: ADI | B49: 0 | C49: 0 | D49: 0 | E49: 0 | F49: 0 | G49: 0 | H49: 0 | I49: 0 | J49: 0 | K49: 0 | L49: 0 | M49: 0 | N49: 0 | O49: 0 | P49: 0 | Q49: 0 | R49: 0 | S49: 0 | T49: 0 | U49: 0 | V49: 0 | W49: 0 | X49: 0 | Y49: 0 | Z49: 0 | AA49: 0 | AB49: 0 | AC49: 0 | AD49: 0 | AH49: ADI | AI49: =SUM($B49:B49)/1 | AJ49: =SUM($B49:C49)/2 | AK49: =SUM($B49:D49)/3 | AL49: =SUM($B49:E49)/4 | AM49: =SUM($B49:F49)/5 | AN49: =SUM($B49:G49)/6 | AO49: =SUM($B49:H49)/7 | AP49: =SUM($B49:I49)/8 | AQ49: =SUM($B49:J49)/9 | AR49: =SUM($B49:K49)/10 | AS49: =SUM($B49:L49)/11 | AT49: =SUM($B49:M49)/12 | AU49: =SUM($B49:N49)/13 | AV49: =SUM($B49:O49)/14 | AW49: =SUM($B49:P49)/15 | AX49: =SUM($B49:Q49)/16 | AY49: =SUM($B49:R49)/17 | AZ49: =SUM($B49:S49)/18 | BA49: =SUM($B49:T49)/19 | BB49: =SUM($B49:U49)/20 | BC49: =SUM($B49:V49)/21 | BD49: =SUM($B49:W49)/22 | BE49: =SUM($B49:X49)/23 | BF49: =SUM($B49:Y49)/24 | BG49: =SUM($B49:Z49)/25 | BH49: =SUM($B49:AA49)/26 | BI49: =SUM($B49:AB49)/27 | BJ49: =SUM($B49:AC49)/28 | BK49: =SUM($B49:AD49)/29 | BO49: ADI | BP49: =(0.0+SUM($B49:B49))/(306+1) | BQ49: =(0.0+SUM($B49:C49))/(306+2) | BR49: =(0.0+SUM($B49:D49))/(306+3) | BS49: =(0.0+SUM($B49:E49))/(306+4) | BT49: =(0.0+SUM($B49:F49))/(306+5) | BU49: =(0.0+SUM($B49:G49))/(306+6) | BV49: =(0.0+SUM($B49:H49))/(306+7) | BW49: =(0.0+SUM($B49:I49))/(306+8) | BX49: =(0.0+SUM($B49:J49))/(306+9) | BY49: =(0.0+SUM($B49:K49))/(306+10) | BZ49: =(0.0+SUM($B49:L49))/(306+11) | CA49: =(0.0+SUM($B49:M49))/(306+12) | CB49: =(0.0+SUM($B49:N49))/(306+13) | CC49: =(0.0+SUM($B49:O49))/(306+14) | CD49: =(0.0+SUM($B49:P49))/(306+15) | CE49: =(0.0+SUM($B49:Q49))/(306+16) | CF49: =(0.0+SUM($B49:R49))/(306+17) | CG49: =(0.0+SUM($B49:S49))/(306+18) | CH49: =(0.0+SUM($B49:T49))/(306+19) | CI49: =(0.0+SUM($B49:U49))/(306+20) | CJ49: =(0.0+SUM($B49:V49))/(306+21) | CK49: =(0.0+SUM($B49:W49))/(306+22) | CL49: =(0.0+SUM($B49:X49))/(306+23) | CM49: =(0.0+SUM($B49:Y49))/(306+24) | CN49: =(0.0+SUM($B49:Z49))/(306+25) | CO49: =(0.0+SUM($B49:AA49))/(306+26) | CP49: =(0.0+SUM($B49:AB49))/(306+27) | CQ49: =(0.0+SUM($B49:AC49))/(306+28) | CR49: =(0.0+SUM($B49:AD49))/(306+29) | CY49: ADI | CZ49: 781.00813 | DA49: 783.29839 | DB49: 782.032 | DC49: 780.95238 | DD49: 780.12598 | DE49: 780.85156 | DF49: 781.60465 | DG49: 780.67692 | DH49: 779.96947 | DI49: 778.19697 | DJ49: 778.77444 | DK49: 777.95522 | DL49: 777.27407 | DM49: 775.83824 | DN49: 775.29927 | DO49: 774.5 | DP49: 774.44604 | DQ49: 773.89286 | DR49: 774.02837 | DS49: 775.39437 | DT49: 774.44056 | DU49: 775.15972 | DV49: 776.25517 | DW49: 775.70548 | DX49: 775.76871 | DY49: 776.60135 | DZ49: 776.57718 | EA49: 775.02667 | EB49: 774.04636 | EC49: 775.11184 | ED49: 774.76471
A50: GIMB | B50: 0 | C50: 0 | D50: 0 | E50: 0 | F50: 0 | G50: 0 | H50: 0 | I50: 0 | J50: 0 | K50: 0 | L50: 0 | M50: 0 | N50: 0 | O50: 0 | P50: 0 | Q50: 0 | R50: 0 | S50: 0 | T50: 0 | U50: 0 | V50: 0 | W50: 0 | X50: 0 | Y50: 0 | Z50: 0 | AA50: 0 | AB50: 0 | AC50: 0 | AD50: 0 | AH50: GIMB | AI50: =SUM($B50:B50)/1 | AJ50: =SUM($B50:C50)/2 | AK50: =SUM($B50:D50)/3 | AL50: =SUM($B50:E50)/4 | AM50: =SUM($B50:F50)/5 | AN50: =SUM($B50:G50)/6 | AO50: =SUM($B50:H50)/7 | AP50: =SUM($B50:I50)/8 | AQ50: =SUM($B50:J50)/9 | AR50: =SUM($B50:K50)/10 | AS50: =SUM($B50:L50)/11 | AT50: =SUM($B50:M50)/12 | AU50: =SUM($B50:N50)/13 | AV50: =SUM($B50:O50)/14 | AW50: =SUM($B50:P50)/15 | AX50: =SUM($B50:Q50)/16 | AY50: =SUM($B50:R50)/17 | AZ50: =SUM($B50:S50)/18 | BA50: =SUM($B50:T50)/19 | BB50: =SUM($B50:U50)/20 | BC50: =SUM($B50:V50)/21 | BD50: =SUM($B50:W50)/22 | BE50: =SUM($B50:X50)/23 | BF50: =SUM($B50:Y50)/24 | BG50: =SUM($B50:Z50)/25 | BH50: =SUM($B50:AA50)/26 | BI50: =SUM($B50:AB50)/27 | BJ50: =SUM($B50:AC50)/28 | BK50: =SUM($B50:AD50)/29 | BO50: GIMB | BP50: =(0.0+SUM($B50:B50))/(306+1) | BQ50: =(0.0+SUM($B50:C50))/(306+2) | BR50: =(0.0+SUM($B50:D50))/(306+3) | BS50: =(0.0+SUM($B50:E50))/(306+4) | BT50: =(0.0+SUM($B50:F50))/(306+5) | BU50: =(0.0+SUM($B50:G50))/(306+6) | BV50: =(0.0+SUM($B50:H50))/(306+7) | BW50: =(0.0+SUM($B50:I50))/(306+8) | BX50: =(0.0+SUM($B50:J50))/(306+9) | BY50: =(0.0+SUM($B50:K50))/(306+10) | BZ50: =(0.0+SUM($B50:L50))/(306+11) | CA50: =(0.0+SUM($B50:M50))/(306+12) | CB50: =(0.0+SUM($B50:N50))/(306+13) | CC50: =(0.0+SUM($B50:O50))/(306+14) | CD50: =(0.0+SUM($B50:P50))/(306+15) | CE50: =(0.0+SUM($B50:Q50))/(306+16) | CF50: =(0.0+SUM($B50:R50))/(306+17) | CG50: =(0.0+SUM($B50:S50))/(306+18) | CH50: =(0.0+SUM($B50:T50))/(306+19) | CI50: =(0.0+SUM($B50:U50))/(306+20) | CJ50: =(0.0+SUM($B50:V50))/(306+21) | CK50: =(0.0+SUM($B50:W50))/(306+22) | CL50: =(0.0+SUM($B50:X50))/(306+23) | CM50: =(0.0+SUM($B50:Y50))/(306+24) | CN50: =(0.0+SUM($B50:Z50))/(306+25) | CO50: =(0.0+SUM($B50:AA50))/(306+26) | CP50: =(0.0+SUM($B50:AB50))/(306+27) | CQ50: =(0.0+SUM($B50:AC50))/(306+28) | CR50: =(0.0+SUM($B50:AD50))/(306+29) | CY50: GIMB | CZ50: 1945.2195 | DA50: 1944.75 | DB50: 1947.976 | DC50: 1949.6508 | DD50: 1952.5118 | DE50: 1956.2734 | DF50: 1956.814 | DG50: 1955.9385 | DH50: 1959.0382 | DI50: 1961.7045 | DJ50: 1963.985 | DK50: 1966.7388 | DL50: 1969.5259 | DM50: 1970.5 | DN50: 1973.6277 | DO50: 1974.8551 | DP50: 1976.7482 | DQ50: 1982.3357 | DR50: 1984.227 | DS50: 1987.831 | DT50: 1990.4755 | DU50: 1991.9028 | DV50: 1992.9034 | DW50: 1996.6781 | DX50: 2000.1224 | DY50: 2001.1081 | DZ50: 2004.906 | EA50: 2005.9333 | EB50: 2009.4901 | EC50: 2009.5724 | ED50: 2011.8039
A51: BCT | B51: 0 | C51: 0 | D51: 0 | E51: 0 | F51: 0 | G51: 0 | H51: 0 | I51: 0 | J51: 0 | K51: 0 | L51: 0 | M51: 0 | N51: 0 | O51: 0 | P51: 0 | Q51: 0 | R51: 0 | S51: 0 | T51: 0 | U51: 0 | V51: 0 | W51: 0 | X51: 0 | Y51: 0 | Z51: 0 | AA51: 0 | AB51: 0 | AC51: 0 | AD51: 0 | AH51: BCT | AI51: =SUM($B51:B51)/1 | AJ51: =SUM($B51:C51)/2 | AK51: =SUM($B51:D51)/3 | AL51: =SUM($B51:E51)/4 | AM51: =SUM($B51:F51)/5 | AN51: =SUM($B51:G51)/6 | AO51: =SUM($B51:H51)/7 | AP51: =SUM($B51:I51)/8 | AQ51: =SUM($B51:J51)/9 | AR51: =SUM($B51:K51)/10 | AS51: =SUM($B51:L51)/11 | AT51: =SUM($B51:M51)/12 | AU51: =SUM($B51:N51)/13 | AV51: =SUM($B51:O51)/14 | AW51: =SUM($B51:P51)/15 | AX51: =SUM($B51:Q51)/16 | AY51: =SUM($B51:R51)/17 | AZ51: =SUM($B51:S51)/18 | BA51: =SUM($B51:T51)/19 | BB51: =SUM($B51:U51)/20 | BC51: =SUM($B51:V51)/21 | BD51: =SUM($B51:W51)/22 | BE51: =SUM($B51:X51)/23 | BF51: =SUM($B51:Y51)/24 | BG51: =SUM($B51:Z51)/25 | BH51: =SUM($B51:AA51)/26 | BI51: =SUM($B51:AB51)/27 | BJ51: =SUM($B51:AC51)/28 | BK51: =SUM($B51:AD51)/29 | BO51: BCT | BP51: =(0.0+SUM($B51:B51))/(306+1) | BQ51: =(0.0+SUM($B51:C51))/(306+2) | BR51: =(0.0+SUM($B51:D51))/(306+3) | BS51: =(0.0+SUM($B51:E51))/(306+4) | BT51: =(0.0+SUM($B51:F51))/(306+5) | BU51: =(0.0+SUM($B51:G51))/(306+6) | BV51: =(0.0+SUM($B51:H51))/(306+7) | BW51: =(0.0+SUM($B51:I51))/(306+8) | BX51: =(0.0+SUM($B51:J51))/(306+9) | BY51: =(0.0+SUM($B51:K51))/(306+10) | BZ51: =(0.0+SUM($B51:L51))/(306+11) | CA51: =(0.0+SUM($B51:M51))/(306+12) | CB51: =(0.0+SUM($B51:N51))/(306+13) | CC51: =(0.0+SUM($B51:O51))/(306+14) | CD51: =(0.0+SUM($B51:P51))/(306+15) | CE51: =(0.0+SUM($B51:Q51))/(306+16) | CF51: =(0.0+SUM($B51:R51))/(306+17) | CG51: =(0.0+SUM($B51:S51))/(306+18) | CH51: =(0.0+SUM($B51:T51))/(306+19) | CI51: =(0.0+SUM($B51:U51))/(306+20) | CJ51: =(0.0+SUM($B51:V51))/(306+21) | CK51: =(0.0+SUM($B51:W51))/(306+22) | CL51: =(0.0+SUM($B51:X51))/(306+23) | CM51: =(0.0+SUM($B51:Y51))/(306+24) | CN51: =(0.0+SUM($B51:Z51))/(306+25) | CO51: =(0.0+SUM($B51:AA51))/(306+26) | CP51: =(0.0+SUM($B51:AB51))/(306+27) | CQ51: =(0.0+SUM($B51:AC51))/(306+28) | CR51: =(0.0+SUM($B51:AD51))/(306+29) | CY51: BCT | CZ51: 331.17886 | DA51: 331.85484 | DB51: 331.536 | DC51: 331.68254 | DD51: 332.88189 | DE51: 333.05469 | DF51: 334.00775 | DG51: 334.19231 | DH51: 335.17557 | DI51: 334.87121 | DJ51: 334.98496 | DK51: 334.89552 | DL51: 334.74815 | DM51: 335.47794 | DN51: 335.25547 | DO51: 335.21014 | DP51: 335.25899 | DQ51: 335.35 | DR51: 333.92908 | DS51: 332.04225 | DT51: 331.60839 | DU51: 331.88194 | DV51: 332.15172 | DW51: 332.73288 | DX51: 332.10884 | DY51: 332.24324 | DZ51: 332.50336 | EA51: 332.94667 | EB51: 333.02649 | EC51: 332.96711 | ED51: 333.09804
A52: BRC | B52: 0 | C52: 0 | D52: 0 | E52: 0 | F52: 0 | G52: 0 | H52: 0 | I52: 0 | J52: 0 | K52: 0 | L52: 0 | M52: 0 | N52: 0 | O52: 0 | P52: 0 | Q52: 0 | R52: 0 | S52: 0 | T52: 0 | U52: 0 | V52: 0 | W52: 0 | X52: 0 | Y52: 0 | Z52: 0 | AA52: 0 | AB52: 0 | AC52: 0 | AD52: 0 | AH52: BRC | AI52: =SUM($B52:B52)/1 | AJ52: =SUM($B52:C52)/2 | AK52: =SUM($B52:D52)/3 | AL52: =SUM($B52:E52)/4 | AM52: =SUM($B52:F52)/5 | AN52: =SUM($B52:G52)/6 | AO52: =SUM($B52:H52)/7 | AP52: =SUM($B52:I52)/8 | AQ52: =SUM($B52:J52)/9 | AR52: =SUM($B52:K52)/10 | AS52: =SUM($B52:L52)/11 | AT52: =SUM($B52:M52)/12 | AU52: =SUM($B52:N52)/13 | AV52: =SUM($B52:O52)/14 | AW52: =SUM($B52:P52)/15 | AX52: =SUM($B52:Q52)/16 | AY52: =SUM($B52:R52)/17 | AZ52: =SUM($B52:S52)/18 | BA52: =SUM($B52:T52)/19 | BB52: =SUM($B52:U52)/20 | BC52: =SUM($B52:V52)/21 | BD52: =SUM($B52:W52)/22 | BE52: =SUM($B52:X52)/23 | BF52: =SUM($B52:Y52)/24 | BG52: =SUM($B52:Z52)/25 | BH52: =SUM($B52:AA52)/26 | BI52: =SUM($B52:AB52)/27 | BJ52: =SUM($B52:AC52)/28 | BK52: =SUM($B52:AD52)/29 | BO52: BRC | BP52: =(0.0+SUM($B52:B52))/(306+1) | BQ52: =(0.0+SUM($B52:C52))/(306+2) | BR52: =(0.0+SUM($B52:D52))/(306+3) | BS52: =(0.0+SUM($B52:E52))/(306+4) | BT52: =(0.0+SUM($B52:F52))/(306+5) | BU52: =(0.0+SUM($B52:G52))/(306+6) | BV52: =(0.0+SUM($B52:H52))/(306+7) | BW52: =(0.0+SUM($B52:I52))/(306+8) | BX52: =(0.0+SUM($B52:J52))/(306+9) | BY52: =(0.0+SUM($B52:K52))/(306+10) | BZ52: =(0.0+SUM($B52:L52))/(306+11) | CA52: =(0.0+SUM($B52:M52))/(306+12) | CB52: =(0.0+SUM($B52:N52))/(306+13) | CC52: =(0.0+SUM($B52:O52))/(306+14) | CD52: =(0.0+SUM($B52:P52))/(306+15) | CE52: =(0.0+SUM($B52:Q52))/(306+16) | CF52: =(0.0+SUM($B52:R52))/(306+17) | CG52: =(0.0+SUM($B52:S52))/(306+18) | CH52: =(0.0+SUM($B52:T52))/(306+19) | CI52: =(0.0+SUM($B52:U52))/(306+20) | CJ52: =(0.0+SUM($B52:V52))/(306+21) | CK52: =(0.0+SUM($B52:W52))/(306+22) | CL52: =(0.0+SUM($B52:X52))/(306+23) | CM52: =(0.0+SUM($B52:Y52))/(306+24) | CN52: =(0.0+SUM($B52:Z52))/(306+25) | CO52: =(0.0+SUM($B52:AA52))/(306+26) | CP52: =(0.0+SUM($B52:AB52))/(306+27) | CQ52: =(0.0+SUM($B52:AC52))/(306+28) | CR52: =(0.0+SUM($B52:AD52))/(306+29) | CY52: BRC | CZ52: 696.50407 | DA52: 698.66129 | DB52: 699.464 | DC52: 700.20635 | DD52: 699.69291 | DE52: 700.88281 | DF52: 699.35659 | DG52: 698.33077 | DH52: 698.00763 | DI52: 697.91667 | DJ52: 698.58647 | DK52: 699.66418 | DL52: 699.37778 | DM52: 699.91912 | DN52: 700.60584 | DO52: 700.36957 | DP52: 699.85612 | DQ52: 699.64286 | DR52: 701.01418 | DS52: 699.91549 | DT52: 699.95804 | DU52: 700.70833 | DV52: 701.70345 | DW52: 702.66438 | DX52: 705.7483 | DY52: 706.94595 | DZ52: 707.03356 | EA52: 708.32667 | EB52: 707.4702 | EC52: 707.11842 | ED52: 708.21569
A53: RJT | B53: 0 | C53: 0 | D53: 0 | E53: 0 | F53: 0 | G53: 0 | H53: 0 | I53: 0 | J53: 0 | K53: 0 | L53: 0 | M53: 0 | N53: 0 | O53: 0 | P53: 0 | Q53: 0 | R53: 0 | S53: 0 | T53: 0 | U53: 0 | V53: 0 | W53: 0 | X53: 0 | Y53: 0 | Z53: 0 | AA53: 0 | AB53: 0 | AC53: 0 | AD53: 0 | AH53: RJT | AI53: =SUM($B53:B53)/1 | AJ53: =SUM($B53:C53)/2 | AK53: =SUM($B53:D53)/3 | AL53: =SUM($B53:E53)/4 | AM53: =SUM($B53:F53)/5 | AN53: =SUM($B53:G53)/6 | AO53: =SUM($B53:H53)/7 | AP53: =SUM($B53:I53)/8 | AQ53: =SUM($B53:J53)/9 | AR53: =SUM($B53:K53)/10 | AS53: =SUM($B53:L53)/11 | AT53: =SUM($B53:M53)/12 | AU53: =SUM($B53:N53)/13 | AV53: =SUM($B53:O53)/14 | AW53: =SUM($B53:P53)/15 | AX53: =SUM($B53:Q53)/16 | AY53: =SUM($B53:R53)/17 | AZ53: =SUM($B53:S53)/18 | BA53: =SUM($B53:T53)/19 | BB53: =SUM($B53:U53)/20 | BC53: =SUM($B53:V53)/21 | BD53: =SUM($B53:W53)/22 | BE53: =SUM($B53:X53)/23 | BF53: =SUM($B53:Y53)/24 | BG53: =SUM($B53:Z53)/25 | BH53: =SUM($B53:AA53)/26 | BI53: =SUM($B53:AB53)/27 | BJ53: =SUM($B53:AC53)/28 | BK53: =SUM($B53:AD53)/29 | BO53: RJT | BP53: =(0.0+SUM($B53:B53))/(306+1) | BQ53: =(0.0+SUM($B53:C53))/(306+2) | BR53: =(0.0+SUM($B53:D53))/(306+3) | BS53: =(0.0+SUM($B53:E53))/(306+4) | BT53: =(0.0+SUM($B53:F53))/(306+5) | BU53: =(0.0+SUM($B53:G53))/(306+6) | BV53: =(0.0+SUM($B53:H53))/(306+7) | BW53: =(0.0+SUM($B53:I53))/(306+8) | BX53: =(0.0+SUM($B53:J53))/(306+9) | BY53: =(0.0+SUM($B53:K53))/(306+10) | BZ53: =(0.0+SUM($B53:L53))/(306+11) | CA53: =(0.0+SUM($B53:M53))/(306+12) | CB53: =(0.0+SUM($B53:N53))/(306+13) | CC53: =(0.0+SUM($B53:O53))/(306+14) | CD53: =(0.0+SUM($B53:P53))/(306+15) | CE53: =(0.0+SUM($B53:Q53))/(306+16) | CF53: =(0.0+SUM($B53:R53))/(306+17) | CG53: =(0.0+SUM($B53:S53))/(306+18) | CH53: =(0.0+SUM($B53:T53))/(306+19) | CI53: =(0.0+SUM($B53:U53))/(306+20) | CJ53: =(0.0+SUM($B53:V53))/(306+21) | CK53: =(0.0+SUM($B53:W53))/(306+22) | CL53: =(0.0+SUM($B53:X53))/(306+23) | CM53: =(0.0+SUM($B53:Y53))/(306+24) | CN53: =(0.0+SUM($B53:Z53))/(306+25) | CO53: =(0.0+SUM($B53:AA53))/(306+26) | CP53: =(0.0+SUM($B53:AB53))/(306+27) | CQ53: =(0.0+SUM($B53:AC53))/(306+28) | CR53: =(0.0+SUM($B53:AD53))/(306+29) | CY53: RJT | CZ53: 569.28455 | DA53: 567.29839 | DB53: 568.512 | DC53: 570.53968 | DD53: 569.3937 | DE53: 568.98438 | DF53: 568.86047 | DG53: 569.17692 | DH53: 569.91603 | DI53: 570.12879 | DJ53: 570.61654 | DK53: 570.48507 | DL53: 570.52593 | DM53: 571.14706 | DN53: 571.38686 | DO53: 571.25362 | DP53: 570.56835 | DQ53: 570.55714 | DR53: 570.14184 | DS53: 569.39437 | DT53: 569.27972 | DU53: 567.15972 | DV53: 566.85517 | DW53: 567.41781 | DX53: 567.13605 | DY53: 567.06081 | DZ53: 567.08725 | EA53: 567.33333 | EB53: 568.64238 | EC53: 569.00658 | ED53: 569.12418
A54: BVP | B54: 0 | C54: 0 | D54: 0 | E54: 0 | F54: 0 | G54: 0 | H54: 0 | I54: 0 | J54: 0 | K54: 0 | L54: 0 | M54: 0 | N54: 0 | O54: 0 | P54: 0 | Q54: 0 | R54: 0 | S54: 0 | T54: 0 | U54: 0 | V54: 0 | W54: 0 | X54: 0 | Y54: 0 | Z54: 0 | AA54: 0 | AB54: 0 | AC54: 0 | AD54: 0 | AH54: BVP | AI54: =SUM($B54:B54)/1 | AJ54: =SUM($B54:C54)/2 | AK54: =SUM($B54:D54)/3 | AL54: =SUM($B54:E54)/4 | AM54: =SUM($B54:F54)/5 | AN54: =SUM($B54:G54)/6 | AO54: =SUM($B54:H54)/7 | AP54: =SUM($B54:I54)/8 | AQ54: =SUM($B54:J54)/9 | AR54: =SUM($B54:K54)/10 | AS54: =SUM($B54:L54)/11 | AT54: =SUM($B54:M54)/12 | AU54: =SUM($B54:N54)/13 | AV54: =SUM($B54:O54)/14 | AW54: =SUM($B54:P54)/15 | AX54: =SUM($B54:Q54)/16 | AY54: =SUM($B54:R54)/17 | AZ54: =SUM($B54:S54)/18 | BA54: =SUM($B54:T54)/19 | BB54: =SUM($B54:U54)/20 | BC54: =SUM($B54:V54)/21 | BD54: =SUM($B54:W54)/22 | BE54: =SUM($B54:X54)/23 | BF54: =SUM($B54:Y54)/24 | BG54: =SUM($B54:Z54)/25 | BH54: =SUM($B54:AA54)/26 | BI54: =SUM($B54:AB54)/27 | BJ54: =SUM($B54:AC54)/28 | BK54: =SUM($B54:AD54)/29 | BO54: BVP | BP54: =(0.0+SUM($B54:B54))/(306+1) | BQ54: =(0.0+SUM($B54:C54))/(306+2) | BR54: =(0.0+SUM($B54:D54))/(306+3) | BS54: =(0.0+SUM($B54:E54))/(306+4) | BT54: =(0.0+SUM($B54:F54))/(306+5) | BU54: =(0.0+SUM($B54:G54))/(306+6) | BV54: =(0.0+SUM($B54:H54))/(306+7) | BW54: =(0.0+SUM($B54:I54))/(306+8) | BX54: =(0.0+SUM($B54:J54))/(306+9) | BY54: =(0.0+SUM($B54:K54))/(306+10) | BZ54: =(0.0+SUM($B54:L54))/(306+11) | CA54: =(0.0+SUM($B54:M54))/(306+12) | CB54: =(0.0+SUM($B54:N54))/(306+13) | CC54: =(0.0+SUM($B54:O54))/(306+14) | CD54: =(0.0+SUM($B54:P54))/(306+15) | CE54: =(0.0+SUM($B54:Q54))/(306+16) | CF54: =(0.0+SUM($B54:R54))/(306+17) | CG54: =(0.0+SUM($B54:S54))/(306+18) | CH54: =(0.0+SUM($B54:T54))/(306+19) | CI54: =(0.0+SUM($B54:U54))/(306+20) | CJ54: =(0.0+SUM($B54:V54))/(306+21) | CK54: =(0.0+SUM($B54:W54))/(306+22) | CL54: =(0.0+SUM($B54:X54))/(306+23) | CM54: =(0.0+SUM($B54:Y54))/(306+24) | CN54: =(0.0+SUM($B54:Z54))/(306+25) | CO54: =(0.0+SUM($B54:AA54))/(306+26) | CP54: =(0.0+SUM($B54:AB54))/(306+27) | CQ54: =(0.0+SUM($B54:AC54))/(306+28) | CR54: =(0.0+SUM($B54:AD54))/(306+29) | CY54: BVP | CZ54: 352.4878 | DA54: 352.68548 | DB54: 352.76 | DC54: 353.65873 | DD54: 353.92126 | DE54: 354.1875 | DF54: 355.49612 | DG54: 356.2 | DH54: 356.77099 | DI54: 356.59091 | DJ54: 356.09774 | DK54: 355.22388 | DL54: 354.60741 | DM54: 356.63235 | DN54: 356.62044 | DO54: 356.07971 | DP54: 356.40288 | DQ54: 355.30714 | DR54: 354.7234 | DS54: 353.64085 | DT54: 353.73427 | DU54: 353.40278 | DV54: 353.77241 | DW54: 354.0274 | DX54: 354.42857 | DY54: 353.97297 | DZ54: 354.03356 | EA54: 354.3 | EB54: 354.07285 | EC54: 354.69737 | ED54: 355.40523
A55: RTM | B55: 0 | C55: 0 | D55: 0 | E55: 0 | F55: 0 | G55: 0 | H55: 0 | I55: 0 | J55: 0 | K55: 0 | L55: 0 | M55: 0 | N55: 0 | O55: 0 | P55: 0 | Q55: 0 | R55: 0 | S55: 0 | T55: 0 | U55: 0 | V55: 0 | W55: 0 | X55: 0 | Y55: 0 | Z55: 0 | AA55: 0 | AB55: 0 | AC55: 0 | AD55: 0 | AH55: RTM | AI55: =SUM($B55:B55)/1 | AJ55: =SUM($B55:C55)/2 | AK55: =SUM($B55:D55)/3 | AL55: =SUM($B55:E55)/4 | AM55: =SUM($B55:F55)/5 | AN55: =SUM($B55:G55)/6 | AO55: =SUM($B55:H55)/7 | AP55: =SUM($B55:I55)/8 | AQ55: =SUM($B55:J55)/9 | AR55: =SUM($B55:K55)/10 | AS55: =SUM($B55:L55)/11 | AT55: =SUM($B55:M55)/12 | AU55: =SUM($B55:N55)/13 | AV55: =SUM($B55:O55)/14 | AW55: =SUM($B55:P55)/15 | AX55: =SUM($B55:Q55)/16 | AY55: =SUM($B55:R55)/17 | AZ55: =SUM($B55:S55)/18 | BA55: =SUM($B55:T55)/19 | BB55: =SUM($B55:U55)/20 | BC55: =SUM($B55:V55)/21 | BD55: =SUM($B55:W55)/22 | BE55: =SUM($B55:X55)/23 | BF55: =SUM($B55:Y55)/24 | BG55: =SUM($B55:Z55)/25 | BH55: =SUM($B55:AA55)/26 | BI55: =SUM($B55:AB55)/27 | BJ55: =SUM($B55:AC55)/28 | BK55: =SUM($B55:AD55)/29 | BO55: RTM | BP55: =(0.0+SUM($B55:B55))/(306+1) | BQ55: =(0.0+SUM($B55:C55))/(306+2) | BR55: =(0.0+SUM($B55:D55))/(306+3) | BS55: =(0.0+SUM($B55:E55))/(306+4) | BT55: =(0.0+SUM($B55:F55))/(306+5) | BU55: =(0.0+SUM($B55:G55))/(306+6) | BV55: =(0.0+SUM($B55:H55))/(306+7) | BW55: =(0.0+SUM($B55:I55))/(306+8) | BX55: =(0.0+SUM($B55:J55))/(306+9) | BY55: =(0.0+SUM($B55:K55))/(306+10) | BZ55: =(0.0+SUM($B55:L55))/(306+11) | CA55: =(0.0+SUM($B55:M55))/(306+12) | CB55: =(0.0+SUM($B55:N55))/(306+13) | CC55: =(0.0+SUM($B55:O55))/(306+14) | CD55: =(0.0+SUM($B55:P55))/(306+15) | CE55: =(0.0+SUM($B55:Q55))/(306+16) | CF55: =(0.0+SUM($B55:R55))/(306+17) | CG55: =(0.0+SUM($B55:S55))/(306+18) | CH55: =(0.0+SUM($B55:T55))/(306+19) | CI55: =(0.0+SUM($B55:U55))/(306+20) | CJ55: =(0.0+SUM($B55:V55))/(306+21) | CK55: =(0.0+SUM($B55:W55))/(306+22) | CL55: =(0.0+SUM($B55:X55))/(306+23) | CM55: =(0.0+SUM($B55:Y55))/(306+24) | CN55: =(0.0+SUM($B55:Z55))/(306+25) | CO55: =(0.0+SUM($B55:AA55))/(306+26) | CP55: =(0.0+SUM($B55:AB55))/(306+27) | CQ55: =(0.0+SUM($B55:AC55))/(306+28) | CR55: =(0.0+SUM($B55:AD55))/(306+29) | CY55: RTM | CZ55: 784.91057 | DA55: 785.04032 | DB55: 785.904 | DC55: 785.03968 | DD55: 784.14961 | DE55: 783.50781 | DF55: 783.75969 | DG55: 783.03077 | DH55: 781.09924 | DI55: 779.27273 | DJ55: 778.16541 | DK55: 776.44776 | DL55: 775.54074 | DM55: 774.82353 | DN55: 773.17518 | DO55: 771.7029 | DP55: 769.61871 | DQ55: 768.35714 | DR55: 766.76596 | DS55: 766.32394 | DT55: 765.72727 | DU55: 767.11111 | DV55: 766.5931 | DW55: 765.39726 | DX55: 765.14966 | DY55: 764.25 | DZ55: 763.98658 | EA55: 763.94667 | EB55: 762.97351 | EC55: 762.53289 | ED55: 762.66667
A56: TOTAL | B56: =SUM(B49:B55) | C56: =SUM(C49:C55) | D56: =SUM(D49:D55) | E56: =SUM(E49:E55) | F56: =SUM(F49:F55) | G56: =SUM(G49:G55) | H56: =SUM(H49:H55) | I56: =SUM(I49:I55) | ... AD56: =SUM(AD49:AD55) | AH56: TOTAL | AI56: =SUM(AI49:AI55) | AJ56: =SUM(AJ49:AJ55) | AK56: =SUM(AK49:AK55) | AL56: =SUM(AL49:AL55) | AM56: =SUM(AM49:AM55) | AN56: =SUM(AN49:AN55) | AO56: =SUM(AO49:AO55) | AP56: =SUM(AP49:AP55) | ... BM56: =SUM(BM49:BM55) | BO56: TOTAL | BP56: =SUM(BP49:BP55) | BQ56: =SUM(BQ49:BQ55) | BR56: =SUM(BR49:BR55) | BS56: =SUM(BS49:BS55) | BT56: =SUM(BT49:BT55) | BU56: =SUM(BU49:BU55) | BV56: =SUM(BV49:BV55) | BW56: =SUM(BW49:BW55) | ... CR56: =SUM(CR49:CR55) | CS56: 5511.0066 | CT56: 5515.0784 | CY56: TOTAL | CZ56: 5460.5935 | DA56: 5463.5887 | DB56: 5468.184 | DC56: 5471.7302 | DD56: 5472.6772 | DE56: 5477.7422 | DF56: 5479.8992 | DG56: 5477.5462 | DH56: 5479.9771 | DI56: 5478.6818 | DJ56: 5481.2105 | DK56: 5481.4104 | DL56: 5481.6 | DM56: 5484.3382 | DN56: 5485.9708 | DO56: 5483.971 | DP56: 5482.8993 | DQ56: 5485.4429 | DR56: 5484.8298 | DS56: 5484.5423 | DT56: 5485.2238 | DU56: 5487.3264 | DV56: 5490.2345 | DW56: 5494.6233 | DX56: 5500.4626 | DY56: 5502.1824 | DZ56: 5506.1275 | EA56: 5507.8133 | EB56: 5509.7219 | EC56: 5511.0066 | ED56: 5515.0784
A58: LAST YEAR | AH58: Last Year Cummu FOR THE Year 2025-26
A59: Monthly avg for the whole month | C59: Yearly Avg from 01-04-25 to 31-03-26 | AH59: Divn. | AI59: 1 | AJ59: 2 | AK59: 3 | AL59: 4 | AM59: 5 | AN59: 6 | AO59: 7 | AP59: 8 | AQ59: 9 | AR59: 10 | AS59: 11 | AT59: 12 | AU59: 13 | AV59: 14 | AW59: 15 | AX59: 16 | AY59: 17 | AZ59: 18 | BA59: 19 | BB59: 20 | BC59: 21 | BD59: 22 | BE59: 23 | BF59: 24 | BG59: 25 | BH59: 26 | BI59: 27 | BJ59: 28 | BK59: 29 | BL59: 30 | BM59: 31
A60: COMMODITY | B60: wagons | C60: wagons | AH60: ADI | AI60: =0.0+SUM($B49:B49) | AJ60: =0.0+SUM($B49:C49) | AK60: =0.0+SUM($B49:D49) | AL60: =0.0+SUM($B49:E49) | AM60: =0.0+SUM($B49:F49) | AN60: =0.0+SUM($B49:G49) | AO60: =0.0+SUM($B49:H49) | AP60: =0.0+SUM($B49:I49) | ... BK60: =0.0+SUM($B49:AD49)
A61: CEM | B61: =AVERAGE(B32:AD32) | C61: 0 | AH61: GIMB | AI61: =0.0+SUM($B50:B50) | AJ61: =0.0+SUM($B50:C50) | AK61: =0.0+SUM($B50:D50) | AL61: =0.0+SUM($B50:E50) | AM61: =0.0+SUM($B50:F50) | AN61: =0.0+SUM($B50:G50) | AO61: =0.0+SUM($B50:H50) | AP61: =0.0+SUM($B50:I50) | ... BK61: =0.0+SUM($B50:AD50)
A62: COAL | B62: =AVERAGE(B33:AD33) | C62: 0 | AH62: BCT | AI62: =0.0+SUM($B51:B51) | AJ62: =0.0+SUM($B51:C51) | AK62: =0.0+SUM($B51:D51) | AL62: =0.0+SUM($B51:E51) | AM62: =0.0+SUM($B51:F51) | AN62: =0.0+SUM($B51:G51) | AO62: =0.0+SUM($B51:H51) | AP62: =0.0+SUM($B51:I51) | ... BK62: =0.0+SUM($B51:AD51)
A63: CONT | B63: =AVERAGE(B34:AD34) | C63: 0 | AH63: BRC | AI63: =0.0+SUM($B52:B52) | AJ63: =0.0+SUM($B52:C52) | AK63: =0.0+SUM($B52:D52) | AL63: =0.0+SUM($B52:E52) | AM63: =0.0+SUM($B52:F52) | AN63: =0.0+SUM($B52:G52) | AO63: =0.0+SUM($B52:H52) | AP63: =0.0+SUM($B52:I52) | ... BK63: =0.0+SUM($B52:AD52)
A64: FERT | B64: =AVERAGE(B35:AD35) | C64: 0 | AH64: RJT | AI64: =0.0+SUM($B53:B53) | AJ64: =0.0+SUM($B53:C53) | AK64: =0.0+SUM($B53:D53) | AL64: =0.0+SUM($B53:E53) | AM64: =0.0+SUM($B53:F53) | AN64: =0.0+SUM($B53:G53) | AO64: =0.0+SUM($B53:H53) | AP64: =0.0+SUM($B53:I53) | ... BK64: =0.0+SUM($B53:AD53)
A65: IMFT | B65: =AVERAGE(B36:AD36) | C65: 0 | AH65: BVP | AI65: =0.0+SUM($B54:B54) | AJ65: =0.0+SUM($B54:C54) | AK65: =0.0+SUM($B54:D54) | AL65: =0.0+SUM($B54:E54) | AM65: =0.0+SUM($B54:F54) | AN65: =0.0+SUM($B54:G54) | AO65: =0.0+SUM($B54:H54) | AP65: =0.0+SUM($B54:I54) | ... BK65: =0.0+SUM($B54:AD54)
A66: POL | B66: =AVERAGE(B37:AD37) | C66: 0 | AH66: RTM | AI66: =0.0+SUM($B55:B55) | AJ66: =0.0+SUM($B55:C55) | AK66: =0.0+SUM($B55:D55) | AL66: =0.0+SUM($B55:E55) | AM66: =0.0+SUM($B55:F55) | AN66: =0.0+SUM($B55:G55) | AO66: =0.0+SUM($B55:H55) | AP66: =0.0+SUM($B55:I55) | ... BK66: =0.0+SUM($B55:AD55)
A67: SALT | B67: =AVERAGE(B38:AD38) | C67: 0 | AH67: TL 8W | AI67: =SUM(AI60:AI66) | AJ67: =SUM(AJ60:AJ66) | AK67: =SUM(AK60:AK66) | AL67: =SUM(AL60:AL66) | AM67: =SUM(AM60:AM66) | AN67: =SUM(AN60:AN66) | AO67: =SUM(AO60:AO66) | AP67: =SUM(AP60:AP66) | ... BK67: =SUM(BK60:BK66)
A68: STEEL | B68: =AVERAGE(B39:AD39) | C68: 0
A69: DOC | B69: =AVERAGE(B40:AD40) | C69: 0 | AH69: Last Year Cummu FOR THE MONTH JULY
A70: FG | B70: =AVERAGE(B41:AD41) | C70: 0 | AI70: =SUM($B45:B45) | AJ70: =SUM($B45:C45) | AK70: =SUM($B45:D45) | AL70: =SUM($B45:E45) | AM70: =SUM($B45:F45) | AN70: =SUM($B45:G45) | AO70: =SUM($B45:H45) | AP70: =SUM($B45:I45) | ... BK70: =SUM($B45:AD45)
A71: CHEM | B71: =AVERAGE(B42:AD42) | C71: 0
A72: AUTO | B72: =AVERAGE(B43:AD43) | C72: 0
A73: OTHERS | B73: =AVERAGE(B44:AD44) | C73: 0
A74: TOTAL | B74: =SUM(B61:B73) | C74: =SUM(C61:C73)
A76: DIV | B76: 31 | C76: wagons
A77: ADI | B77: =AVERAGE(B49:AD49) | C77: 0
A78: GIMB | B78: =AVERAGE(B50:AD50) | C78: 0
A79: BCT | B79: =AVERAGE(B51:AD51) | C79: 0
A80: BRC | B80: =AVERAGE(B52:AD52) | C80: 0
A81: RJT | B81: =AVERAGE(B53:AD53) | C81: 0
A82: BVP | B82: =AVERAGE(B54:AD54) | C82: 0
A83: RTM | B83: =AVERAGE(B55:AD55) | C83: 0
A84: TOTAL | B84: =SUM(B77:B83) | C84: =SUM(C77:C83)
A87: DAILY RAKES LDG | AH87: PROGRESSIVE RAKES LDG | BO87: AVERAGE RAKES LOADING
A88: STOCK | B88: 1 | C88: 2 | D88: 3 | E88: 4 | F88: 5 | G88: 6 | H88: 7 | I88: 8 | J88: 9 | K88: 10 | L88: 11 | M88: 12 | N88: 13 | O88: 14 | P88: 15 | Q88: 16 | R88: 17 | S88: 18 | T88: 19 | U88: 20 | V88: 21 | W88: 22 | X88: 23 | Y88: 24 | Z88: 25 | AA88: 26 | AB88: 27 | AC88: 28 | AD88: 29 | AE88: 30 | AF88: 31 | AH88: STOCK | AI88: 1 | AJ88: 2 | AK88: 3 | AL88: 4 | AM88: 5 | AN88: 6 | AO88: 7 | AP88: 8 | AQ88: 9 | AR88: 10 | AS88: 11 | AT88: 12 | AU88: 13 | AV88: 14 | AW88: 15 | AX88: 16 | AY88: 17 | AZ88: 18 | BA88: 19 | BB88: 20 | BC88: 21 | BD88: 22 | BE88: 23 | BF88: 24 | BG88: 25 | BH88: 26 | BI88: 27 | BJ88: 28 | BK88: 29 | BL88: 30 | BM88: 31 | BO88: STOCK | BP88: 1 | BQ88: 2 | BR88: 3 | BS88: 4 | BT88: 5 | BU88: 6 | BV88: 7 | BW88: 8 | BX88: 9 | BY88: 10 | BZ88: 11 | CA88: 12 | CB88: 13 | CC88: 14 | CD88: 15 | CE88: 16 | CF88: 17 | CG88: 18 | CH88: 19 | CI88: 20 | CJ88: 21 | CK88: 22 | CL88: 23 | CM88: 24 | CN88: 25 | CO88: 26 | CP88: 27 | CQ88: 28 | CR88: 29 | CS88: 30 | CT88: 31
A89: JUMBO | B89: ='1'!P21 | C89: ='2'!P21 | D89: ='3'!P21 | E89: ='4'!P21 | F89: ='5'!P21 | G89: ='6'!P21 | H89: ='7'!P21 | I89: ='8'!P21 | J89: ='9'!P21 | K89: ='10'!P21 | L89: ='11'!P21 | M89: ='12'!P21 | N89: ='13'!P21 | O89: ='14'!P21 | P89: ='15'!P21 | Q89: ='16'!P21 | R89: ='17'!P21 | S89: ='18'!P21 | T89: ='19'!P21 | U89: ='20'!P21 | V89: ='21'!P21 | W89: ='22'!P21 | X89: ='23'!P21 | Y89: ='24'!P21 | Z89: ='25'!P21 | AA89: ='26'!P21 | AB89: ='27'!P21 | AC89: ='28'!P21 | AD89: ='29'!P21 | AH89: JUMBO | AI89: =B89 | AJ89: =AI89+C89 | AK89: =AJ89+D89 | AL89: =AK89+E89 | AM89: =AL89+F89 | AN89: =AM89+G89 | AO89: =AN89+H89 | AP89: =AO89+I89 | AQ89: =AP89+J89 | ... BM89: =BL89+AF89 | BO89: JUMBO | BP89: =AI89/$AI$88 | BQ89: =AJ89/$AJ$88 | BR89: =AK89/$AK$88 | BS89: =AL89/$AL$88 | BT89: =AM89/$AM$88 | BU89: =AN89/$AN$88 | BV89: =AO89/$AO$88 | BW89: =AP89/$AP$88 | BX89: =AQ89/$AQ$88 | BY89: =AR89/$AR$88 | BZ89: =AS89/$AS$88 | CA89: =AT89/$AT$88 | CB89: =AU89/$AU$88 | CC89: =AV89/$AV$88 | CD89: =AW89/$AW$88 | CE89: =AX89/$AX$88 | CF89: =AY89/$AY$88 | CG89: =AZ89/$AZ$88 | CH89: =BA89/$BA$88 | CI89: =BB89/$BB$88 | CJ89: =BC89/$BC$88 | CK89: =BD89/$BD$88 | CL89: =BE89/$BE$88 | CM89: =BF89/$BF$88 | CN89: =BG89/$BG$88 | CO89: =BH89/$BH$88 | CP89: =BI89/$BI$88 | CQ89: =BJ89/$BJ$88 | CR89: =BK89/$BK$88 | CS89: =BL89/$BL$88 | CT89: =BM89/$BM$88
A90: BOXN | B90: ='1'!P22 | C90: ='2'!P22 | D90: ='3'!P22 | E90: ='4'!P22 | F90: ='5'!P22 | G90: ='6'!P22 | H90: ='7'!P22 | I90: ='8'!P22 | J90: ='9'!P22 | K90: ='10'!P22 | L90: ='11'!P22 | M90: ='12'!P22 | N90: ='13'!P22 | O90: ='14'!P22 | P90: ='15'!P22 | Q90: ='16'!P22 | R90: ='17'!P22 | S90: ='18'!P22 | T90: ='19'!P22 | U90: ='20'!P22 | V90: ='21'!P22 | W90: ='22'!P22 | X90: ='23'!P22 | Y90: ='24'!P22 | Z90: ='25'!P22 | AA90: ='26'!P22 | AB90: ='27'!P22 | AC90: ='28'!P22 | AD90: ='29'!P22 | AH90: BOXN | AI90: =B90 | AJ90: =AI90+C90 | AK90: =AJ90+D90 | AL90: =AK90+E90 | AM90: =AL90+F90 | AN90: =AM90+G90 | AO90: =AN90+H90 | AP90: =AO90+I90 | AQ90: =AP90+J90 | ... BM90: =BL90+AF90 | BO90: BOXN | BP90: =AI90/$AI$88 | BQ90: =AJ90/$AJ$88 | BR90: =AK90/$AK$88 | BS90: =AL90/$AL$88 | BT90: =AM90/$AM$88 | BU90: =AN90/$AN$88 | BV90: =AO90/$AO$88 | BW90: =AP90/$AP$88 | BX90: =AQ90/$AQ$88 | BY90: =AR90/$AR$88 | BZ90: =AS90/$AS$88 | CA90: =AT90/$AT$88 | CB90: =AU90/$AU$88 | CC90: =AV90/$AV$88 | CD90: =AW90/$AW$88 | CE90: =AX90/$AX$88 | CF90: =AY90/$AY$88 | CG90: =AZ90/$AZ$88 | CH90: =BA90/$BA$88 | CI90: =BB90/$BB$88 | CJ90: =BC90/$BC$88 | CK90: =BD90/$BD$88 | CL90: =BE90/$BE$88 | CM90: =BF90/$BF$88 | CN90: =BG90/$BG$88 | CO90: =BH90/$BH$88 | CP90: =BI90/$BI$88 | CQ90: =BJ90/$BJ$88 | CR90: =BK90/$BK$88 | CS90: =BL90/$BL$88 | CT90: =BM90/$BM$88
A91: BTPN | B91: ='1'!P23 | C91: ='2'!P23 | D91: ='3'!P23 | E91: ='4'!P23 | F91: ='5'!P23 | G91: ='6'!P23 | H91: ='7'!P23 | I91: ='8'!P23 | J91: ='9'!P23 | K91: ='10'!P23 | L91: ='11'!P23 | M91: ='12'!P23 | N91: ='13'!P23 | O91: ='14'!P23 | P91: ='15'!P23 | Q91: ='16'!P23 | R91: ='17'!P23 | S91: ='18'!P23 | T91: ='19'!P23 | U91: ='20'!P23 | V91: ='21'!P23 | W91: ='22'!P23 | X91: ='23'!P23 | Y91: ='24'!P23 | Z91: ='25'!P23 | AA91: ='26'!P23 | AB91: ='27'!P23 | AC91: ='28'!P23 | AD91: ='29'!P23 | AH91: BTPN | AI91: =B91 | AJ91: =AI91+C91 | AK91: =AJ91+D91 | AL91: =AK91+E91 | AM91: =AL91+F91 | AN91: =AM91+G91 | AO91: =AN91+H91 | AP91: =AO91+I91 | AQ91: =AP91+J91 | ... BM91: =BL91+AF91 | BO91: BTPN | BP91: =AI91/$AI$88 | BQ91: =AJ91/$AJ$88 | BR91: =AK91/$AK$88 | BS91: =AL91/$AL$88 | BT91: =AM91/$AM$88 | BU91: =AN91/$AN$88 | BV91: =AO91/$AO$88 | BW91: =AP91/$AP$88 | BX91: =AQ91/$AQ$88 | BY91: =AR91/$AR$88 | BZ91: =AS91/$AS$88 | CA91: =AT91/$AT$88 | CB91: =AU91/$AU$88 | CC91: =AV91/$AV$88 | CD91: =AW91/$AW$88 | CE91: =AX91/$AX$88 | CF91: =AY91/$AY$88 | CG91: =AZ91/$AZ$88 | CH91: =BA91/$BA$88 | CI91: =BB91/$BB$88 | CJ91: =BC91/$BC$88 | CK91: =BD91/$BD$88 | CL91: =BE91/$BE$88 | CM91: =BF91/$BF$88 | CN91: =BG91/$BG$88 | CO91: =BH91/$BH$88 | CP91: =BI91/$BI$88 | CQ91: =BJ91/$BJ$88 | CR91: =BK91/$BK$88 | CS91: =BL91/$BL$88 | CT91: =BM91/$BM$88
A92: BTPGN | B92: ='1'!P24 | C92: ='2'!P24 | D92: ='3'!P24 | E92: ='4'!P24 | F92: ='5'!P24 | G92: ='6'!P24 | H92: ='7'!P24 | I92: ='8'!P24 | J92: ='9'!P24 | K92: ='10'!P24 | L92: ='11'!P24 | M92: ='12'!P24 | N92: ='13'!P24 | O92: ='14'!P24 | P92: ='15'!P24 | Q92: ='16'!P24 | R92: ='17'!P24 | S92: ='18'!P24 | T92: ='19'!P24 | U92: ='20'!P24 | V92: ='21'!P24 | W92: ='22'!P24 | X92: ='23'!P24 | Y92: ='24'!P24 | Z92: ='25'!P24 | AA92: ='26'!P24 | AB92: ='27'!P24 | AC92: ='28'!P24 | AD92: ='29'!P24 | AH92: BTPGN | AI92: =B92 | AJ92: =AI92+C92 | AK92: =AJ92+D92 | AL92: =AK92+E92 | AM92: =AL92+F92 | AN92: =AM92+G92 | AO92: =AN92+H92 | AP92: =AO92+I92 | AQ92: =AP92+J92 | ... BM92: =BL92+AF92 | BO92: BTPGN | BP92: =AI92/$AI$88 | BQ92: =AJ92/$AJ$88 | BR92: =AK92/$AK$88 | BS92: =AL92/$AL$88 | BT92: =AM92/$AM$88 | BU92: =AN92/$AN$88 | BV92: =AO92/$AO$88 | BW92: =AP92/$AP$88 | BX92: =AQ92/$AQ$88 | BY92: =AR92/$AR$88 | BZ92: =AS92/$AS$88 | CA92: =AT92/$AT$88 | CB92: =AU92/$AU$88 | CC92: =AV92/$AV$88 | CD92: =AW92/$AW$88 | CE92: =AX92/$AX$88 | CF92: =AY92/$AY$88 | CG92: =AZ92/$AZ$88 | CH92: =BA92/$BA$88 | CI92: =BB92/$BB$88 | CJ92: =BC92/$BC$88 | CK92: =BD92/$BD$88 | CL92: =BE92/$BE$88 | CM92: =BF92/$BF$88 | CN92: =BG92/$BG$88 | CO92: =BH92/$BH$88 | CP92: =BI92/$BI$88 | CQ92: =BJ92/$BJ$88 | CR92: =BK92/$BK$88 | CS92: =BL92/$BL$88 | CT92: =BM92/$BM$88
A93: CONT | B93: ='1'!P25 | C93: ='2'!P25 | D93: ='3'!P25 | E93: ='4'!P25 | F93: ='5'!P25 | G93: ='6'!P25 | H93: ='7'!P25 | I93: ='8'!P25 | J93: ='9'!P25 | K93: ='10'!P25 | L93: ='11'!P25 | M93: ='12'!P25 | N93: ='13'!P25 | O93: ='14'!P25 | P93: ='15'!P25 | Q93: ='16'!P25 | R93: ='17'!P25 | S93: ='18'!P25 | T93: ='19'!P25 | U93: ='20'!P25 | V93: ='21'!P25 | W93: ='22'!P25 | X93: ='23'!P25 | Y93: ='24'!P25 | Z93: ='25'!P25 | AA93: ='26'!P25 | AB93: ='27'!P25 | AC93: ='28'!P25 | AD93: ='29'!P25 | AH93: CONT | AI93: =B93 | AJ93: =AI93+C93 | AK93: =AJ93+D93 | AL93: =AK93+E93 | AM93: =AL93+F93 | AN93: =AM93+G93 | AO93: =AN93+H93 | AP93: =AO93+I93 | AQ93: =AP93+J93 | ... BM93: =BL93+AF93 | BO93: CONT | BP93: =AI93/$AI$88 | BQ93: =AJ93/$AJ$88 | BR93: =AK93/$AK$88 | BS93: =AL93/$AL$88 | BT93: =AM93/$AM$88 | BU93: =AN93/$AN$88 | BV93: =AO93/$AO$88 | BW93: =AP93/$AP$88 | BX93: =AQ93/$AQ$88 | BY93: =AR93/$AR$88 | BZ93: =AS93/$AS$88 | CA93: =AT93/$AT$88 | CB93: =AU93/$AU$88 | CC93: =AV93/$AV$88 | CD93: =AW93/$AW$88 | CE93: =AX93/$AX$88 | CF93: =AY93/$AY$88 | CG93: =AZ93/$AZ$88 | CH93: =BA93/$BA$88 | CI93: =BB93/$BB$88 | CJ93: =BC93/$BC$88 | CK93: =BD93/$BD$88 | CL93: =BE93/$BE$88 | CM93: =BF93/$BF$88 | CN93: =BG93/$BG$88 | CO93: =BH93/$BH$88 | CP93: =BI93/$BI$88 | CQ93: =BJ93/$BJ$88 | CR93: =BK93/$BK$88 | CS93: =BL93/$BL$88 | CT93: =BM93/$BM$88
A94: SHRA | B94: ='1'!P26 | C94: ='2'!P26 | D94: ='3'!P26 | E94: ='4'!P26 | F94: ='5'!P26 | G94: ='6'!P26 | H94: ='7'!P26 | I94: ='8'!P26 | J94: ='9'!P26 | K94: ='10'!P26 | L94: ='11'!P26 | M94: ='12'!P26 | N94: ='13'!P26 | O94: ='14'!P26 | P94: ='15'!P26 | Q94: ='16'!P26 | R94: ='17'!P26 | S94: ='18'!P26 | T94: ='19'!P26 | U94: ='20'!P26 | V94: ='21'!P26 | W94: ='22'!P26 | X94: ='23'!P26 | Y94: ='24'!P26 | Z94: ='25'!P26 | AA94: ='26'!P26 | AB94: ='27'!P26 | AC94: ='28'!P26 | AD94: ='29'!P26 | AH94: SHRA | AI94: =B94 | AJ94: =AI94+C94 | AK94: =AJ94+D94 | AL94: =AK94+E94 | AM94: =AL94+F94 | AN94: =AM94+G94 | AO94: =AN94+H94 | AP94: =AO94+I94 | AQ94: =AP94+J94 | ... BM94: =BL94+AF94 | BO94: SHRA | BP94: =AI94/$AI$88 | BQ94: =AJ94/$AJ$88 | BR94: =AK94/$AK$88 | BS94: =AL94/$AL$88 | BT94: =AM94/$AM$88 | BU94: =AN94/$AN$88 | BV94: =AO94/$AO$88 | BW94: =AP94/$AP$88 | BX94: =AQ94/$AQ$88 | BY94: =AR94/$AR$88 | BZ94: =AS94/$AS$88 | CA94: =AT94/$AT$88 | CB94: =AU94/$AU$88 | CC94: =AV94/$AV$88 | CD94: =AW94/$AW$88 | CE94: =AX94/$AX$88 | CF94: =AY94/$AY$88 | CG94: =AZ94/$AZ$88 | CH94: =BA94/$BA$88 | CI94: =BB94/$BB$88 | CJ94: =BC94/$BC$88 | CK94: =BD94/$BD$88 | CL94: =BE94/$BE$88 | CM94: =BF94/$BF$88 | CN94: =BG94/$BG$88 | CO94: =BH94/$BH$88 | CP94: =BI94/$BI$88 | CQ94: =BJ94/$BJ$88 | CR94: =BK94/$BK$88 | CS94: =BL94/$BL$88 | CT94: =BM94/$BM$88
A95: OTHERS | B95: ='1'!P27 | C95: ='2'!P27 | D95: ='3'!P27 | E95: ='4'!P27 | F95: ='5'!P27 | G95: ='6'!P27 | H95: ='7'!P27 | I95: ='8'!P27 | J95: ='9'!P27 | K95: ='10'!P27 | L95: ='11'!P27 | M95: ='12'!P27 | N95: ='13'!P27 | O95: ='14'!P27 | P95: ='15'!P27 | Q95: ='16'!P27 | R95: ='17'!P27 | S95: ='18'!P27 | T95: ='19'!P27 | U95: ='20'!P27 | V95: ='21'!P27 | W95: ='22'!P27 | X95: ='23'!P27 | Y95: ='24'!P27 | Z95: ='25'!P27 | AA95: ='26'!P27 | AB95: ='27'!P27 | AC95: ='28'!P27 | AD95: ='29'!P27 | AH95: OTHERS | AI95: =B95 | AJ95: =AI95+C95 | AK95: =AJ95+D95 | AL95: =AK95+E95 | AM95: =AL95+F95 | AN95: =AM95+G95 | AO95: =AN95+H95 | AP95: =AO95+I95 | AQ95: =AP95+J95 | ... BM95: =BL95+AF95 | BO95: OTHERS | BP95: =AI95/$AI$88 | BQ95: =AJ95/$AJ$88 | BR95: =AK95/$AK$88 | BS95: =AL95/$AL$88 | BT95: =AM95/$AM$88 | BU95: =AN95/$AN$88 | BV95: =AO95/$AO$88 | BW95: =AP95/$AP$88 | BX95: =AQ95/$AQ$88 | BY95: =AR95/$AR$88 | BZ95: =AS95/$AS$88 | CA95: =AT95/$AT$88 | CB95: =AU95/$AU$88 | CC95: =AV95/$AV$88 | CD95: =AW95/$AW$88 | CE95: =AX95/$AX$88 | CF95: =AY95/$AY$88 | CG95: =AZ95/$AZ$88 | CH95: =BA95/$BA$88 | CI95: =BB95/$BB$88 | CJ95: =BC95/$BC$88 | CK95: =BD95/$BD$88 | CL95: =BE95/$BE$88 | CM95: =BF95/$BF$88 | CN95: =BG95/$BG$88 | CO95: =BH95/$BH$88 | CP95: =BI95/$BI$88 | CQ95: =BJ95/$BJ$88 | CR95: =BK95/$BK$88 | CS95: =BL95/$BL$88 | CT95: =BM95/$BM$88
A96: TOTAL RAKES | B96: =SUM(B89:B95) | C96: =SUM(C89:C95) | D96: =SUM(D89:D95) | E96: =SUM(E89:E95) | F96: =SUM(F89:F95) | G96: =SUM(G89:G95) | H96: =SUM(H89:H95) | I96: =SUM(I89:I95) | ... AD96: =SUM(AD89:AD95) | AH96: TOTAL RAKES | AI96: =SUM(AI89:AI95) | AJ96: =SUM(AJ89:AJ95) | AK96: =SUM(AK89:AK95) | AL96: =SUM(AL89:AL95) | AM96: =SUM(AM89:AM95) | AN96: =SUM(AN89:AN95) | AO96: =SUM(AO89:AO95) | AP96: =SUM(AP89:AP95) | ... BM96: =SUM(BM89:BM95) | BO96: TOTAL RAKES | BP96: =SUM(BP89:BP95) | BQ96: =SUM(BQ89:BQ95) | BR96: =SUM(BR89:BR95) | BS96: =SUM(BS89:BS95) | BT96: =SUM(BT89:BT95) | BU96: =SUM(BU89:BU95) | BV96: =SUM(BV89:BV95) | BW96: =SUM(BW89:BW95) | ... CT96: =SUM(CT89:CT95)
A98: LAST YEAR LOADING IN MILLION TONNES | AG98: 45901
A99: MONTH -25 | B99: 2 | C99: 3 | D99: 4 | E99: 5 | F99: 6 | G99: 7 | H99: 8 | I99: 9 | J99: 10 | K99: 11 | L99: 12 | M99: 13 | N99: 14 | O99: 15 | P99: 16 | Q99: 17 | R99: 18 | S99: 19 | T99: 20 | U99: 21 | V99: 22 | W99: 23 | X99: 24 | Y99: 25 | Z99: 26 | AA99: 27 | AB99: 28 | AC99: 29 | AD99: 30 | AE99: 31 | AF99: 1 | AG99: 2 | AH99: 3
A100: DAILY | B100: 5832 | C100: 6038 | D100: 5915 | E100: 5592 | F100: 6121 | G100: 5756 | H100: 5174 | I100: 5796 | J100: 5309 | K100: 5815 | L100: 5508 | M100: 5507 | N100: 5854 | O100: 5708 | P100: 5210 | Q100: 5335 | R100: 5839 | S100: 5399 | T100: 5444 | U100: 5582 | V100: 5788 | W100: 5909 | X100: 6131 | Y100: 6353 | Z100: 5755 | AA100: 6090 | AB100: 5759 | AC100: 5796 | AD100: 5705 | AE100: 6134 | AF100: 5040 | AG100: 5653 | AH100: 5702
A101: MT | B101: 0.3 | C101: 0.29 | D101: 0.33 | E101: 0.29 | F101: 0.278 | G101: 0.298 | H101: 0.25 | I101: 0.286 | J101: 0.256 | K101: 0.257 | L101: 0.33 | M101: 0.268 | N101: 0.317 | O101: 0.3 | P101: 0.25 | Q101: 0.264 | R101: 0.269 | S101: 0.29 | T101: 0.29 | U101: 0.3 | V101: 0.28 | W101: 0.31 | X101: 0.279 | Y101: 0.3 | Z101: 0.28 | AA101: 0.31 | AB101: 0.313 | AC101: 0.29 | AD101: 0.31 | AE101: 0.31 | AF101: 0.26 | AG101: 0.26 | AH101: 0.29
A102: PROG AVG LDG FROM APR | B102: 5468.184 | C102: 5471.7302 | D102: 5472.6772 | E102: 5477.7422 | F102: 5479.8992 | G102: 5477.5462 | H102: 5479.9771 | I102: 5478.6818 | J102: 5481.2105 | K102: 5481.4104 | L102: 5481.6 | M102: 5484.3382 | N102: 5485.9708 | O102: 5483.971 | P102: 5482.8993 | Q102: 5485.4429 | R102: 5484.8298 | S102: 5484.5423 | T102: 5485.2238 | U102: 5487.3264 | V102: 5490.2345 | W102: 5494.6233 | X102: 5500.4626 | Y102: 5502.1824 | Z102: 5506.1275 | AA102: 5507.8133 | AB102: 5509.7219 | AC102: 5511.0066 | AD102: 5515.0784 | AE102: 5548.0196 | AF102: 5548.7013 | AG102: 5549.6903 | AH102: 5552.1667
B103: 3 | C103: 4 | D103: 5 | E103: 6 | F103: 7 | G103: 8 | H103: 9 | I103: 10 | J103: 11 | K103: 12 | L103: 13 | M103: 14 | N103: 15 | O103: 16 | P103: 17 | Q103: 18 | R103: 19 | S103: 20 | T103: 21 | U103: 22 | V103: 23 | W103: 24 | X103: 25 | Y103: 26 | Z103: 27 | AA103: 28 | AB103: 29 | AC103: 30 | AD103: 31 | AE103: 1 | AF103: 2 | AG103: 34 | AH103: 35

Sheet Sheet6

Sheet Sheet1

Sheet 2
A1: GM MORNING POSITION | O1: DATE | P1: 46786 | S1: PAGE-1
A2: COMPARATIVE LOADING PERFORMANCE AS ON | I2: =P1-1 | K2: Avg Progressive LDG per day for the whole Year | N2: LOADING TARGET 2026-27
A3: Commodity | B3: Target per day for Aug-26 | C3: Cuurent Year | F3: Last Year | H3: Diff in AVG | I3: Avg for the whole Month AUG-2025 | J3: Diff in Avg | K3: Current Year from April-2026 | L3: Last Year from April-2025 | M3: Last Year Upto 31st March-2026 | N3: 46143 | P3: WAGONS | R3: LOADING IN MILLION TONNES
C4: No of Rakes | D4: Wagons | E4: Monthly Avg till date | F4: Wagons | G4: Monthly Avg till date | P4: 2025-2026 | Q4: 2026-2027 | R4: 2025-2026 | S4: 2026-2027
A5: CEM | B5: 0 | E5: =LINK!BQ3 | F5: =LINK!C32 | G5: =LINK!AJ32 | H5: =E5-G5 | I5: =LINK!B61 | J5: =E5-I5 | K5: =LINK!EH3 | L5: =LINK!BQ32 | M5: =LINK!C61 | N5: Loading Target 2026-2027 | P5: 2058189 | Q5: 2208615 | S5: 109.47
A6: COAL | B6: 0 | E6: =LINK!BQ4 | F6: =LINK!C33 | G6: =LINK!AJ33 | H6: =E6-G6 | I6: =LINK!B62 | J6: =E6-I6 | K6: =LINK!EH4 | L6: =LINK!BQ33 | M6: =LINK!C62 | N6: Progressive Loading Up To JULY | P6: 666648 | Q6: 677642 | R6: 32.81 | S6: 34.47
A7: CONT | B7: 0 | E7: =LINK!BQ5 | F7: =LINK!C34 | G7: =LINK!AJ34 | H7: =E7-G7 | I7: =LINK!B63 | J7: =E7-I7 | K7: =LINK!EH5 | L7: =LINK!BQ34 | M7: =LINK!C63 | N7: Today's Ldg | P7: =F18 | Q7: =D18 | R7: 0.26 | S7: 0.24
A8: FERT | B8: 0 | E8: =LINK!BQ6 | F8: =LINK!C35 | G8: =LINK!AJ35 | H8: =E8-G8 | I8: =LINK!B64 | J8: =E8-I8 | K8: =LINK!EH6 | L8: =LINK!BQ35 | M8: =LINK!C64 | N8: Current month LDG Till date | P8: =LINK!AJ70 | Q8: =LINK!BQ27 | R8: 0.26 | S8: 0.24
A9: IMFT | B9: 0 | E9: =LINK!BQ7 | F9: =LINK!C36 | G9: =LINK!AJ36 | H9: =E9-G9 | I9: =LINK!B65 | J9: =E9-I9 | K9: =LINK!EH7 | L9: =LINK!BQ36 | M9: =LINK!C65 | N9: DIVISON WISE CUMM LOADING
A10: POL | B10: 0 | E10: =LINK!BQ8 | F10: =LINK!C37 | G10: =LINK!AJ37 | H10: =E10-G10 | I10: =LINK!B66 | J10: =E10-I10 | K10: =LINK!EH8 | L10: =LINK!BQ37 | M10: =LINK!C66 | N10: ADI | P10: =LINK!AI60+LINK!AI61 | Q10: =LINK!DA20 | R10: 14.32 | S10: 17.59
A11: SALT | B11: 0 | E11: =LINK!BQ9 | F11: =LINK!C38 | G11: =LINK!AJ38 | H11: =E11-G11 | I11: =LINK!B67 | J11: =E11-I11 | K11: =LINK!EH9 | L11: =LINK!BQ38 | M11: =LINK!C67 | N11: BCT | P11: =LINK!AI62 | Q11: =LINK!DA21 | R11: 0.37 | S11: 0.31
A12: STEEL | B12: 0 | E12: =LINK!BQ10 | F12: =LINK!C39 | G12: =LINK!AJ39 | H12: =E12-G12 | I12: =LINK!B68 | J12: =E12-I12 | K12: =LINK!EH10 | L12: =LINK!BQ39 | M12: =LINK!C68 | N12: BRC | P12: =LINK!AI63 | Q12: =LINK!DA22 | R12: 4.92 | S12: 2.9
A13: DOC | B13: 0 | E13: =LINK!BQ11 | F13: =LINK!C40 | G13: =LINK!AJ40 | H13: =E13-G13 | I13: =LINK!B69 | J13: =E13-I13 | K13: =LINK!EH11 | L13: =LINK!BQ40 | M13: =LINK!C69 | N13: RJT | P13: =LINK!AI64 | Q13: =LINK!DA23 | R13: 6.17 | S13: 4.88
A14: FG | B14: 0 | E14: =LINK!BQ12 | F14: =LINK!C41 | G14: =LINK!AJ41 | H14: =E14-G14 | I14: =LINK!B70 | J14: =E14-I14 | K14: =LINK!EH12 | L14: =LINK!BQ41 | M14: =LINK!C70 | N14: BVC | P14: =LINK!AI65 | Q14: =LINK!DA24 | R14: 2.14 | S14: 4
A15: CHEM | B15: 0 | E15: =LINK!BQ13 | F15: =LINK!C42 | G15: =LINK!AJ42 | H15: =E15-G15 | I15: =LINK!B71 | J15: =E15-I15 | K15: =LINK!EH13 | L15: =LINK!BQ42 | M15: =LINK!C71 | N15: RTM | P15: =LINK!AI66 | Q15: =LINK!DA25 | R15: 4.12 | S15: 4.72
A16: AUTO | B16: 0 | E16: =LINK!BQ14 | F16: =LINK!C43 | G16: =LINK!AJ43 | H16: =E16-G16 | I16: =LINK!B72 | J16: =E16-I16 | K16: =LINK!EH14 | L16: =LINK!BQ43 | M16: =LINK!C72 | N16: Progressive LDG from April | P16: =LINK!AI67 | Q16: =LINK!DA27 | R16: =SUM(R10:R15) | S16: =SUM(S10:S15)
A17: OTHERS | B17: 0 | E17: =LINK!BQ15 | F17: =LINK!C44 | G17: =LINK!AJ44 | H17: =E17-G17 | I17: =LINK!B73 | J17: =E17-I17 | K17: =LINK!EH15 | L17: =LINK!BQ44 | M17: =LINK!C73 | N17: To Achieve Target | Q17: =+Q5-Q16 | S17: =+S5-S16
A18: TOTAL | B18: =SUM(B5:B17) | C18: =SUM(C5:C17) | D18: =SUM(D5:D17) | E18: =SUM(E5:E17) | F18: =SUM(F5:F17) | G18: =SUM(G5:G17) | H18: =SUM(H5:H17) | I18: =SUM(I5:I17) | ... M18: =SUM(M5:M17)
A19: DIV | B19: =B3 | C19: Cuurent Year | F19: Last Year | H19: Diff | I19: Avg for the whole Month AUG-2025 | J19: Diff in Avg | K19: Current Year from April-2026 | L19: Last Year from April-2025 | M19: Last Year Upto 31st March-2026 | N19: RAKE LOADING AND THEIR AVG
C20: No of Rakes | D20: Wagons | E20: Monthly Avg till date | F20: Wagons | G20: Monthly Avg till date | N20: STOCK | P20: YDAY LDG | R20: AVG
A21: ADI | B21: 0 | E21: =LINK!BQ20 | F21: =LINK!C49 | G21: =LINK!AJ49 | H21: =E21-G21 | I21: =LINK!B77 | J21: =E21-I21 | K21: =LINK!EH20 | L21: =LINK!BQ49 | M21: =LINK!C77 | N21: JUMBO | R21: =LINK!BP89
A22: GIMB | B22: 0 | E22: =LINK!BQ21 | F22: =LINK!C50 | G22: =LINK!AJ50 | H22: =E22-G22 | I22: =LINK!B78 | J22: =E22-I22 | K22: =LINK!EH21 | L22: =LINK!BQ50 | M22: =LINK!C78 | N22: BOXN | R22: =LINK!BP90
A23: BCT | B23: 0 | E23: =LINK!BQ22 | F23: =LINK!C51 | G23: =LINK!AJ51 | H23: =E23-G23 | I23: =LINK!B79 | J23: =E23-I23 | K23: =LINK!EH22 | L23: =LINK!BQ51 | M23: =LINK!C79 | N23: BTPN | R23: =LINK!BP91
A24: BRC | B24: 0 | E24: =LINK!BQ23 | F24: =LINK!C52 | G24: =LINK!AJ52 | H24: =E24-G24 | I24: =LINK!B80 | J24: =E24-I24 | K24: =LINK!EH23 | L24: =LINK!BQ52 | M24: =LINK!C80 | N24: BTPGN | R24: =LINK!BP92
A25: RJT | B25: 0 | E25: =LINK!BQ24 | F25: =LINK!C53 | G25: =LINK!AJ53 | H25: =E25-G25 | I25: =LINK!B81 | J25: =E25-I25 | K25: =LINK!EH24 | L25: =LINK!BQ53 | M25: =LINK!C81 | N25: CONT | R25: =LINK!BP93
A26: BVP | B26: 0 | E26: =LINK!BQ25 | F26: =LINK!C54 | G26: =LINK!AJ54 | H26: =E26-G26 | I26: =LINK!B82 | J26: =E26-I26 | K26: =LINK!EH25 | L26: =LINK!BQ54 | M26: =LINK!C82 | N26: SHRA | R26: =LINK!BP94
A27: RTM | B27: 0 | E27: =LINK!BQ26 | F27: =LINK!C55 | G27: =LINK!AJ55 | H27: =E27-G27 | I27: =LINK!B83 | J27: =E27-I27 | K27: =LINK!EH26 | L27: =LINK!BQ55 | M27: =LINK!C83 | N27: OTHERS | R27: =LINK!BP95
A28: TOTAL | B28: =SUM(B21:B27) | C28: =SUM(C21:C27) | D28: =SUM(D21:D27) | E28: =SUM(E21:E27) | F28: =SUM(F21:F27) | G28: =SUM(G21:G27) | H28: =SUM(H21:H27) | I28: =SUM(I21:I27) | ... M28: =SUM(M21:M27) | N28: TOTAL RAKES | P28: =SUM(P21:P27) | R28: =SUM(R21:R27)
A29: SILO BALANCE AT PORTS | G29: INDIGENOUS FERT SILO | I29: CONTAINER PENDENCY AT PORTS | N29: Loading Last Year As On | Q29: Last Year Progressive LDG from April-2026
A30: PORTS | B30: FERTILISERS | E30: COAL | F30: GYPSUM | G30: GSFM | I30: PORT | K30: TOTAL | L30: READY | M30: CONCOR | N30: =P1-365 | Q30: =N30+1
B31: DAP | C31: UREA | D31: OTHERS | G31: IFFB | I31: MDCC | J31: SOUTH PORT | N31: =LINK!B100 | P31: =LINK!B101 | Q31: =LINK!B102
A32: MDCC/WPA | B32: =G45 | C32: =G46 | D32: =SUM(G47:G51) | E32: =G54 | G32: IFFG | H32: =G80+G81 | J32: MICT | N32: DOUBLE STACK LDG | Q32: YDAY LONG HAUL & PROG
A33: KDLP/KPRK | B33: =G56 | C33: =G57 | D33: =SUM(G58:G64) | E33: =G67 | G33: GSFS | I33: Total | K33: =+K32+K31 | L33: =L31+L32 | M33: =M31+M32 | N33: STN | O33: YDAY | P33: PROG | Q33: MDCC | S33: =+R33
A34: IFFG | G34: GNVS | I34: PPSP | N34: MDCC | P34: =+O34 | Q34: CECC | S34: =+R34
A35: TUNA PORT | B35: =G69 | C35: =G71 | D35: =G70 | E35: =SUM(G74:G76) | G35: KBCS | I35: OUTSATNDING INDENTS | N35: PPSP | P35: =+O35 | Q35: BILD | S35: =+R35
A36: NAVLAKHI | J36: RAKS | L36: P/MEAL | N36: CWCJ | P36: =+O36 | Q36: MPRN | S36: =+R36
A37: WINDMIL | J37: RAKES/ WAGONS | K37: ODR | L37: WAGONS | M37: ODR | N37: MHPL | P37: =+O37 | Q37: SUNR | S37: =+R37
A38: PIPAVAV | I38: FREE | N38: GRFV | P38: =+O38 | Q38: SAUS | S38: =+R38
A39: KRIBHCO/MKIG | I39: RESTRICTION | N39: NCLW | P39: =+O39 | Q39: PPSP | S39: =+R39
A40: DAHEJ | I40: SPECIAL | N40: KPRK | P40: =+O40 | Q40: BHUN | S40: =+R40
I41: RMC | N41: OTHERS | P41: =+O41 | Q41: OTH | S41: =+R41
A42: TOTAL | B42: =SUM(B32:B41) | C42: =SUM(C32:C41) | D42: =SUM(D32:D41) | E42: =SUM(E32:E41) | F42: =SUM(F32:F41) | G42: TOTAL | H42: =SUM(H30:H41) | I42: TOTAL | N42: TOTAL | O42: =SUM(O34:O41) | P42: =SUM(P34:P41) | Q42: TOTAL | R42: =SUM(R33:R41) | S42: =SUM(S33:S41)
A44: PORT | B44: COMM | C44: O/B | D44: FRESH | E44: TTL | F44: DISPATCH | G44: C/B
A45: MDPT | B45: DAP
B46: UREA | I46: UREA
B47: AS | I47: DAP
B48: MOP | I48: OTHRS
B49: NPK
B50: NPS
B51: K-MAG
B52: TOTAL
A54: WPA | B54: COAL
A56: KDLP | B56: DAP
B57: UREA
B58: MOP
B59: NPK
B60: DPH
B61: APS
B62: NPK-12
B63: ASP
B64: AMONIM/SP
B65: TOTAL
B67: COAL
A69: DBTK | B69: DAP
B70: OTHER
B71: UREA
B72: TOTAL
A74: IMCL | B74: COAL
B75: PET/COKE
B76: DOMESTIC
A78: IFFG | B78: NPK-GR-1
B79: NPK-GR-2
B80: IND/DAP
B81: IMP/DAP
B82: TOTAL

Sheet 3
A1: GM MORNING POSITION | O1: DATE | P1: 46787 | S1: PAGE-1
A2: COMPARATIVE LOADING PERFORMANCE AS ON | I2: =P1-1 | K2: Avg Progressive LDG per day for the whole Year | N2: LOADING TARGET 2026-27
A3: Commodity | B3: Target per day for Aug-26 | C3: Cuurent Year | F3: Last Year | H3: Diff in AVG | I3: Avg for the whole Month AUG-2025 | J3: Diff in Avg | K3: Current Year from April-2026 | L3: Last Year from April-2025 | M3: Last Year Upto 31st March-2026 | N3: 46143 | P3: WAGONS | R3: LOADING IN MILLION TONNES
C4: No of Rakes | D4: Wagons | E4: Monthly Avg till date | F4: Wagons | G4: Monthly Avg till date | P4: 2025-2026 | Q4: 2026-2027 | R4: 2025-2026 | S4: 2026-2027
A5: CEM | B5: 0 | E5: =LINK!BR3 | F5: =LINK!D32 | G5: =LINK!AK32 | H5: =E5-G5 | I5: =LINK!B61 | J5: =E5-I5 | K5: =LINK!EI3 | L5: =LINK!BR32 | M5: =LINK!C61 | N5: Loading Target 2026-2027 | P5: 2058189 | Q5: 2208615 | S5: 109.47
A6: COAL | B6: 0 | E6: =LINK!BR4 | F6: =LINK!D33 | G6: =LINK!AK33 | H6: =E6-G6 | I6: =LINK!B62 | J6: =E6-I6 | K6: =LINK!EI4 | L6: =LINK!BR33 | M6: =LINK!C62 | N6: Progressive Loading Up To JULY | P6: 666648 | Q6: 677642 | R6: 32.81 | S6: 34.47
A7: CONT | B7: 0 | E7: =LINK!BR5 | F7: =LINK!D34 | G7: =LINK!AK34 | H7: =E7-G7 | I7: =LINK!B63 | J7: =E7-I7 | K7: =LINK!EI5 | L7: =LINK!BR34 | M7: =LINK!C63 | N7: Today's Ldg | P7: =F18 | Q7: =D18 | R7: 0.26 | S7: 0.24
A8: FERT | B8: 0 | E8: =LINK!BR6 | F8: =LINK!D35 | G8: =LINK!AK35 | H8: =E8-G8 | I8: =LINK!B64 | J8: =E8-I8 | K8: =LINK!EI6 | L8: =LINK!BR35 | M8: =LINK!C64 | N8: Current month LDG Till date | P8: =LINK!AK70 | Q8: =LINK!BR27 | R8: 0.26 | S8: 0.24
A9: IMFT | B9: 0 | E9: =LINK!BR7 | F9: =LINK!D36 | G9: =LINK!AK36 | H9: =E9-G9 | I9: =LINK!B65 | J9: =E9-I9 | K9: =LINK!EI7 | L9: =LINK!BR36 | M9: =LINK!C65 | N9: DIVISON WISE CUMM LOADING
A10: POL | B10: 0 | E10: =LINK!BR8 | F10: =LINK!D37 | G10: =LINK!AK37 | H10: =E10-G10 | I10: =LINK!B66 | J10: =E10-I10 | K10: =LINK!EI8 | L10: =LINK!BR37 | M10: =LINK!C66 | N10: ADI | P10: =LINK!AI60+LINK!AI61 | Q10: =LINK!DB20 | R10: 14.32 | S10: 17.59
A11: SALT | B11: 0 | E11: =LINK!BR9 | F11: =LINK!D38 | G11: =LINK!AK38 | H11: =E11-G11 | I11: =LINK!B67 | J11: =E11-I11 | K11: =LINK!EI9 | L11: =LINK!BR38 | M11: =LINK!C67 | N11: BCT | P11: =LINK!AI62 | Q11: =LINK!DB21 | R11: 0.37 | S11: 0.31
A12: STEEL | B12: 0 | E12: =LINK!BR10 | F12: =LINK!D39 | G12: =LINK!AK39 | H12: =E12-G12 | I12: =LINK!B68 | J12: =E12-I12 | K12: =LINK!EI10 | L12: =LINK!BR39 | M12: =LINK!C68 | N12: BRC | P12: =LINK!AI63 | Q12: =LINK!DB22 | R12: 4.92 | S12: 2.9
A13: DOC | B13: 0 | E13: =LINK!BR11 | F13: =LINK!D40 | G13: =LINK!AK40 | H13: =E13-G13 | I13: =LINK!B69 | J13: =E13-I13 | K13: =LINK!EI11 | L13: =LINK!BR40 | M13: =LINK!C69 | N13: RJT | P13: =LINK!AI64 | Q13: =LINK!DB23 | R13: 6.17 | S13: 4.88
A14: FG | B14: 0 | E14: =LINK!BR12 | F14: =LINK!D41 | G14: =LINK!AK41 | H14: =E14-G14 | I14: =LINK!B70 | J14: =E14-I14 | K14: =LINK!EI12 | L14: =LINK!BR41 | M14: =LINK!C70 | N14: BVC | P14: =LINK!AI65 | Q14: =LINK!DB24 | R14: 2.14 | S14: 4
A15: CHEM | B15: 0 | E15: =LINK!BR13 | F15: =LINK!D42 | G15: =LINK!AK42 | H15: =E15-G15 | I15: =LINK!B71 | J15: =E15-I15 | K15: =LINK!EI13 | L15: =LINK!BR42 | M15: =LINK!C71 | N15: RTM | P15: =LINK!AI66 | Q15: =LINK!DB25 | R15: 4.12 | S15: 4.72
A16: AUTO | B16: 0 | E16: =LINK!BR14 | F16: =LINK!D43 | G16: =LINK!AK43 | H16: =E16-G16 | I16: =LINK!B72 | J16: =E16-I16 | K16: =LINK!EI14 | L16: =LINK!BR43 | M16: =LINK!C72 | N16: Progressive LDG from April | P16: =LINK!AI67 | Q16: =LINK!DB27 | R16: =SUM(R10:R15) | S16: =SUM(S10:S15)
A17: OTHERS | B17: 0 | E17: =LINK!BR15 | F17: =LINK!D44 | G17: =LINK!AK44 | H17: =E17-G17 | I17: =LINK!B73 | J17: =E17-I17 | K17: =LINK!EI15 | L17: =LINK!BR44 | M17: =LINK!C73 | N17: To Achieve Target | Q17: =+Q5-Q16 | S17: =+S5-S16
A18: TOTAL | B18: =SUM(B5:B17) | C18: =SUM(C5:C17) | D18: =SUM(D5:D17) | E18: =SUM(E5:E17) | F18: =SUM(F5:F17) | G18: =SUM(G5:G17) | H18: =SUM(H5:H17) | I18: =SUM(I5:I17) | ... M18: =SUM(M5:M17)
A19: DIV | B19: =B3 | C19: Cuurent Year | F19: Last Year | H19: Diff | I19: Avg for the whole Month AUG-2025 | J19: Diff in Avg | K19: Current Year from April-2026 | L19: Last Year from April-2025 | M19: Last Year Upto 31st March-2026 | N19: RAKE LOADING AND THEIR AVG
C20: No of Rakes | D20: Wagons | E20: Monthly Avg till date | F20: Wagons | G20: Monthly Avg till date | N20: STOCK | P20: YDAY LDG | R20: AVG
A21: ADI | B21: 0 | E21: =LINK!BR20 | F21: =LINK!D49 | G21: =LINK!AK49 | H21: =E21-G21 | I21: =LINK!B77 | J21: =E21-I21 | K21: =LINK!EI20 | L21: =LINK!BR49 | M21: =LINK!C77 | N21: JUMBO | R21: =LINK!BP89
A22: GIMB | B22: 0 | E22: =LINK!BR21 | F22: =LINK!D50 | G22: =LINK!AK50 | H22: =E22-G22 | I22: =LINK!B78 | J22: =E22-I22 | K22: =LINK!EI21 | L22: =LINK!BR50 | M22: =LINK!C78 | N22: BOXN | R22: =LINK!BP90
A23: BCT | B23: 0 | E23: =LINK!BR22 | F23: =LINK!D51 | G23: =LINK!AK51 | H23: =E23-G23 | I23: =LINK!B79 | J23: =E23-I23 | K23: =LINK!EI22 | L23: =LINK!BR51 | M23: =LINK!C79 | N23: BTPN | R23: =LINK!BP91
A24: BRC | B24: 0 | E24: =LINK!BR23 | F24: =LINK!D52 | G24: =LINK!AK52 | H24: =E24-G24 | I24: =LINK!B80 | J24: =E24-I24 | K24: =LINK!EI23 | L24: =LINK!BR52 | M24: =LINK!C80 | N24: BTPGN | R24: =LINK!BP92
A25: RJT | B25: 0 | E25: =LINK!BR24 | F25: =LINK!D53 | G25: =LINK!AK53 | H25: =E25-G25 | I25: =LINK!B81 | J25: =E25-I25 | K25: =LINK!EI24 | L25: =LINK!BR53 | M25: =LINK!C81 | N25: CONT | R25: =LINK!BP93
A26: BVP | B26: 0 | E26: =LINK!BR25 | F26: =LINK!D54 | G26: =LINK!AK54 | H26: =E26-G26 | I26: =LINK!B82 | J26: =E26-I26 | K26: =LINK!EI25 | L26: =LINK!BR54 | M26: =LINK!C82 | N26: SHRA | R26: =LINK!BP94
A27: RTM | B27: 0 | E27: =LINK!BR26 | F27: =LINK!D55 | G27: =LINK!AK55 | H27: =E27-G27 | I27: =LINK!B83 | J27: =E27-I27 | K27: =LINK!EI26 | L27: =LINK!BR55 | M27: =LINK!C83 | N27: OTHERS | R27: =LINK!BP95
A28: TOTAL | B28: =SUM(B21:B27) | C28: =SUM(C21:C27) | D28: =SUM(D21:D27) | E28: =SUM(E21:E27) | F28: =SUM(F21:F27) | G28: =SUM(G21:G27) | H28: =SUM(H21:H27) | I28: =SUM(I21:I27) | ... M28: =SUM(M21:M27) | N28: TOTAL RAKES | P28: =SUM(P21:P27) | R28: =SUM(R21:R27)
A29: SILO BALANCE AT PORTS | G29: INDIGENOUS FERT SILO | I29: CONTAINER PENDENCY AT PORTS | N29: Loading Last Year As On | Q29: Last Year Progressive LDG from April-2026
A30: PORTS | B30: FERTILISERS | E30: COAL | F30: GYPSUM | G30: GSFM | I30: PORT | K30: TOTAL | L30: READY | M30: CONCOR | N30: =P1-365 | Q30: =N30+1
B31: DAP | C31: UREA | D31: OTHERS | G31: IFFB | I31: MDCC | J31: SOUTH PORT | N31: =LINK!B100 | P31: =LINK!B101 | Q31: =LINK!B102
A32: MDCC/WPA | B32: =G45 | C32: =G46 | D32: =SUM(G47:G51) | E32: =G54 | G32: IFFG | H32: =G80+G81 | J32: MICT | N32: DOUBLE STACK LDG | Q32: YDAY LONG HAUL & PROG
A33: KDLP/KPRK | B33: =G56 | C33: =G57 | D33: =SUM(G58:G64) | E33: =G67 | G33: GSFS | I33: Total | K33: =+K32+K31 | L33: =L31+L32 | M33: =M31+M32 | N33: STN | O33: YDAY | P33: PROG | Q33: MDCC | S33: =+R33
A34: IFFG | G34: GNVS | I34: PPSP | N34: MDCC | P34: =+O34 | Q34: CECC | S34: =+R34
A35: TUNA PORT | B35: =G69 | C35: =G71 | D35: =G70 | E35: =SUM(G74:G76) | G35: KBCS | I35: OUTSATNDING INDENTS | N35: PPSP | P35: =+O35 | Q35: BILD | S35: =+R35
A36: NAVLAKHI | J36: RAKS | L36: P/MEAL | N36: CWCJ | P36: =+O36 | Q36: MPRN | S36: =+R36
A37: WINDMIL | J37: RAKES/ WAGONS | K37: ODR | L37: WAGONS | M37: ODR | N37: MHPL | P37: =+O37 | Q37: SUNR | S37: =+R37
A38: PIPAVAV | I38: FREE | N38: GRFV | P38: =+O38 | Q38: SAUS | S38: =+R38
A39: KRIBHCO/MKIG | I39: RESTRICTION | N39: NCLW | P39: =+O39 | Q39: PPSP | S39: =+R39
A40: DAHEJ | I40: SPECIAL | N40: KPRK | P40: =+O40 | Q40: BHUN | S40: =+R40
I41: RMC | N41: OTHERS | P41: =+O41 | Q41: OTH | S41: =+R41
A42: TOTAL | B42: =SUM(B32:B41) | C42: =SUM(C32:C41) | D42: =SUM(D32:D41) | E42: =SUM(E32:E41) | F42: =SUM(F32:F41) | G42: TOTAL | H42: =SUM(H30:H41) | I42: TOTAL | N42: TOTAL | O42: =SUM(O34:O41) | P42: =SUM(P34:P41) | Q42: TOTAL | R42: =SUM(R33:R41) | S42: =SUM(S33:S41)
A44: PORT | B44: COMM | C44: O/B | D44: FRESH | E44: TTL | F44: DISPATCH | G44: C/B
A45: MDPT | B45: DAP
B46: UREA | I46: UREA
B47: AS | I47: DAP
B48: MOP | I48: OTHRS
B49: NPK
B50: NPS
B51: K-MAG
B52: TOTAL
A54: WPA | B54: COAL
A56: KDLP | B56: DAP
B57: UREA
B58: MOP
B59: NPK
B60: DPH
B61: APS
B62: NPK-12
B63: ASP
B64: AMONIM/SP
B65: TOTAL
B67: COAL
A69: DBTK | B69: DAP
B70: OTHER
B71: UREA
B72: TOTAL
A74: IMCL | B74: COAL
B75: PET/COKE
B76: DOMESTIC
A78: IFFG | B78: NPK-GR-1
B79: NPK-GR-2
B80: IND/DAP
B81: IMP/DAP
B82: TOTAL

Sheet 4
A1: GM MORNING POSITION | O1: DATE | P1: 46788 | S1: PAGE-1
A2: COMPARATIVE LOADING PERFORMANCE AS ON | I2: =P1-1 | K2: Avg Progressive LDG per day for the whole Year | N2: LOADING TARGET 2026-27
A3: Commodity | B3: Target per day for Aug-26 | C3: Cuurent Year | F3: Last Year | H3: Diff in AVG | I3: Avg for the whole Month AUG-2025 | J3: Diff in Avg | K3: Current Year from April-2026 | L3: Last Year from April-2025 | M3: Last Year Upto 31st March-2026 | N3: 46143 | P3: WAGONS | R3: LOADING IN MILLION TONNES
C4: No of Rakes | D4: Wagons | E4: Monthly Avg till date | F4: Wagons | G4: Monthly Avg till date | P4: 2025-2026 | Q4: 2026-2027 | R4: 2025-2026 | S4: 2026-2027
A5: CEM | B5: 0 | E5: =LINK!BS3 | F5: =LINK!E32 | G5: =LINK!AL32 | H5: =E5-G5 | I5: =LINK!B61 | J5: =E5-I5 | K5: =LINK!EJ3 | L5: =LINK!BS32 | M5: =LINK!C61 | N5: Loading Target 2026-2027 | P5: 2058189 | Q5: 2208615 | S5: 109.47
A6: COAL | B6: 0 | E6: =LINK!BS4 | F6: =LINK!E33 | G6: =LINK!AL33 | H6: =E6-G6 | I6: =LINK!B62 | J6: =E6-I6 | K6: =LINK!EJ4 | L6: =LINK!BS33 | M6: =LINK!C62 | N6: Progressive Loading Up To JULY | P6: 666648 | Q6: 677642 | R6: 32.81 | S6: 34.47
A7: CONT | B7: 0 | E7: =LINK!BS5 | F7: =LINK!E34 | G7: =LINK!AL34 | H7: =E7-G7 | I7: =LINK!B63 | J7: =E7-I7 | K7: =LINK!EJ5 | L7: =LINK!BS34 | M7: =LINK!C63 | N7: Today's Ldg | P7: =F18 | Q7: =D18 | R7: 0.26 | S7: 0.24
A8: FERT | B8: 0 | E8: =LINK!BS6 | F8: =LINK!E35 | G8: =LINK!AL35 | H8: =E8-G8 | I8: =LINK!B64 | J8: =E8-I8 | K8: =LINK!EJ6 | L8: =LINK!BS35 | M8: =LINK!C64 | N8: Current month LDG Till date | P8: =LINK!AL70 | Q8: =LINK!BS27 | R8: 0.26 | S8: 0.24
A9: IMFT | B9: 0 | E9: =LINK!BS7 | F9: =LINK!E36 | G9: =LINK!AL36 | H9: =E9-G9 | I9: =LINK!B65 | J9: =E9-I9 | K9: =LINK!EJ7 | L9: =LINK!BS36 | M9: =LINK!C65 | N9: DIVISON WISE CUMM LOADING
A10: POL | B10: 0 | E10: =LINK!BS8 | F10: =LINK!E37 | G10: =LINK!AL37 | H10: =E10-G10 | I10: =LINK!B66 | J10: =E10-I10 | K10: =LINK!EJ8 | L10: =LINK!BS37 | M10: =LINK!C66 | N10: ADI | P10: =LINK!AI60+LINK!AI61 | Q10: =LINK!DC20 | R10: 14.32 | S10: 17.59
A11: SALT | B11: 0 | E11: =LINK!BS9 | F11: =LINK!E38 | G11: =LINK!AL38 | H11: =E11-G11 | I11: =LINK!B67 | J11: =E11-I11 | K11: =LINK!EJ9 | L11: =LINK!BS38 | M11: =LINK!C67 | N11: BCT | P11: =LINK!AI62 | Q11: =LINK!DC21 | R11: 0.37 | S11: 0.31
A12: STEEL | B12: 0 | E12: =LINK!BS10 | F12: =LINK!E39 | G12: =LINK!AL39 | H12: =E12-G12 | I12: =LINK!B68 | J12: =E12-I12 | K12: =LINK!EJ10 | L12: =LINK!BS39 | M12: =LINK!C68 | N12: BRC | P12: =LINK!AI63 | Q12: =LINK!DC22 | R12: 4.92 | S12: 2.9
A13: DOC | B13: 0 | E13: =LINK!BS11 | F13: =LINK!E40 | G13: =LINK!AL40 | H13: =E13-G13 | I13: =LINK!B69 | J13: =E13-I13 | K13: =LINK!EJ11 | L13: =LINK!BS40 | M13: =LINK!C69 | N13: RJT | P13: =LINK!AI64 | Q13: =LINK!DC23 | R13: 6.17 | S13: 4.88
A14: FG | B14: 0 | E14: =LINK!BS12 | F14: =LINK!E41 | G14: =LINK!AL41 | H14: =E14-G14 | I14: =LINK!B70 | J14: =E14-I14 | K14: =LINK!EJ12 | L14: =LINK!BS41 | M14: =LINK!C70 | N14: BVC | P14: =LINK!AI65 | Q14: =LINK!DC24 | R14: 2.14 | S14: 4
A15: CHEM | B15: 0 | E15: =LINK!BS13 | F15: =LINK!E42 | G15: =LINK!AL42 | H15: =E15-G15 | I15: =LINK!B71 | J15: =E15-I15 | K15: =LINK!EJ13 | L15: =LINK!BS42 | M15: =LINK!C71 | N15: RTM | P15: =LINK!AI66 | Q15: =LINK!DC25 | R15: 4.12 | S15: 4.72
A16: AUTO | B16: 0 | E16: =LINK!BS14 | F16: =LINK!E43 | G16: =LINK!AL43 | H16: =E16-G16 | I16: =LINK!B72 | J16: =E16-I16 | K16: =LINK!EJ14 | L16: =LINK!BS43 | M16: =LINK!C72 | N16: Progressive LDG from April | P16: =LINK!AI67 | Q16: =LINK!DC27 | R16: =SUM(R10:R15) | S16: =SUM(S10:S15)
A17: OTHERS | B17: 0 | E17: =LINK!BS15 | F17: =LINK!E44 | G17: =LINK!AL44 | H17: =E17-G17 | I17: =LINK!B73 | J17: =E17-I17 | K17: =LINK!EJ15 | L17: =LINK!BS44 | M17: =LINK!C73 | N17: To Achieve Target | Q17: =+Q5-Q16 | S17: =+S5-S16
A18: TOTAL | B18: =SUM(B5:B17) | C18: =SUM(C5:C17) | D18: =SUM(D5:D17) | E18: =SUM(E5:E17) | F18: =SUM(F5:F17) | G18: =SUM(G5:G17) | H18: =SUM(H5:H17) | I18: =SUM(I5:I17) | ... M18: =SUM(M5:M17)
A19: DIV | B19: =B3 | C19: Cuurent Year | F19: Last Year | H19: Diff | I19: Avg for the whole Month AUG-2025 | J19: Diff in Avg | K19: Current Year from April-2026 | L19: Last Year from April-2025 | M19: Last Year Upto 31st March-2026 | N19: RAKE LOADING AND THEIR AVG
C20: No of Rakes | D20: Wagons | E20: Monthly Avg till date | F20: Wagons | G20: Monthly Avg till date | N20: STOCK | P20: YDAY LDG | R20: AVG
A21: ADI | B21: 0 | E21: =LINK!BS20 | F21: =LINK!E49 | G21: =LINK!AL49 | H21: =E21-G21 | I21: =LINK!B77 | J21: =E21-I21 | K21: =LINK!EJ20 | L21: =LINK!BS49 | M21: =LINK!C77 | N21: JUMBO | R21: =LINK!BP89
A22: GIMB | B22: 0 | E22: =LINK!BS21 | F22: =LINK!E50 | G22: =LINK!AL50 | H22: =E22-G22 | I22: =LINK!B78 | J22: =E22-I22 | K22: =LINK!EJ21 | L22: =LINK!BS50 | M22: =LINK!C78 | N22: BOXN | R22: =LINK!BP90
A23: BCT | B23: 0 | E23: =LINK!BS22 | F23: =LINK!E51 | G23: =LINK!AL51 | H23: =E23-G23 | I23: =LINK!B79 | J23: =E23-I23 | K23: =LINK!EJ22 | L23: =LINK!BS51 | M23: =LINK!C79 | N23: BTPN | R23: =LINK!BP91
A24: BRC | B24: 0 | E24: =LINK!BS23 | F24: =LINK!E52 | G24: =LINK!AL52 | H24: =E24-G24 | I24: =LINK!B80 | J24: =E24-I24 | K24: =LINK!EJ23 | L24: =LINK!BS52 | M24: =LINK!C80 | N24: BTPGN | R24: =LINK!BP92
A25: RJT | B25: 0 | E25: =LINK!BS24 | F25: =LINK!E53 | G25: =LINK!AL53 | H25: =E25-G25 | I25: =LINK!B81 | J25: =E25-I25 | K25: =LINK!EJ24 | L25: =LINK!BS53 | M25: =LINK!C81 | N25: CONT | R25: =LINK!BP93
A26: BVP | B26: 0 | E26: =LINK!BS25 | F26: =LINK!E54 | G26: =LINK!AL54 | H26: =E26-G26 | I26: =LINK!B82 | J26: =E26-I26 | K26: =LINK!EJ25 | L26: =LINK!BS54 | M26: =LINK!C82 | N26: SHRA | R26: =LINK!BP94
A27: RTM | B27: 0 | E27: =LINK!BS26 | F27: =LINK!E55 | G27: =LINK!AL55 | H27: =E27-G27 | I27: =LINK!B83 | J27: =E27-I27 | K27: =LINK!EJ26 | L27: =LINK!BS55 | M27: =LINK!C83 | N27: OTHERS | R27: =LINK!BP95
A28: TOTAL | B28: =SUM(B21:B27) | C28: =SUM(C21:C27) | D28: =SUM(D21:D27) | E28: =SUM(E21:E27) | F28: =SUM(F21:F27) | G28: =SUM(G21:G27) | H28: =SUM(H21:H27) | I28: =SUM(I21:I27) | ... M28: =SUM(M21:M27) | N28: TOTAL RAKES | P28: =SUM(P21:P27) | R28: =SUM(R21:R27)
A29: SILO BALANCE AT PORTS | G29: INDIGENOUS FERT SILO | I29: CONTAINER PENDENCY AT PORTS | N29: Loading Last Year As On | Q29: Last Year Progressive LDG from April-2026
A30: PORTS | B30: FERTILISERS | E30: COAL | F30: GYPSUM | G30: GSFM | I30: PORT | K30: TOTAL | L30: READY | M30: CONCOR | N30: =P1-365 | Q30: =N30+1
B31: DAP | C31: UREA | D31: OTHERS | G31: IFFB | I31: MDCC | J31: SOUTH PORT | N31: =LINK!B100 | P31: =LINK!B101 | Q31: =LINK!B102
A32: MDCC/WPA | B32: =G45 | C32: =G46 | D32: =SUM(G47:G51) | E32: =G54 | G32: IFFG | H32: =G80+G81 | J32: MICT | N32: DOUBLE STACK LDG | Q32: YDAY LONG HAUL & PROG
A33: KDLP/KPRK | B33: =G56 | C33: =G57 | D33: =SUM(G58:G64) | E33: =G67 | G33: GSFS | I33: Total | K33: =+K32+K31 | L33: =L31+L32 | M33: =M31+M32 | N33: STN | O33: YDAY | P33: PROG | Q33: MDCC | S33: =+R33
A34: IFFG | G34: GNVS | I34: PPSP | N34: MDCC | P34: =+O34 | Q34: CECC | S34: =+R34
A35: TUNA PORT | B35: =G69 | C35: =G71 | D35: =G70 | E35: =SUM(G74:G76) | G35: KBCS | I35: OUTSATNDING INDENTS | N35: PPSP | P35: =+O35 | Q35: BILD | S35: =+R35
A36: NAVLAKHI | J36: RAKS | L36: P/MEAL | N36: CWCJ | P36: =+O36 | Q36: MPRN | S36: =+R36
A37: WINDMIL | J37: RAKES/ WAGONS | K37: ODR | L37: WAGONS | M37: ODR | N37: MHPL | P37: =+O37 | Q37: SUNR | S37: =+R37
A38: PIPAVAV | I38: FREE | N38: GRFV | P38: =+O38 | Q38: SAUS | S38: =+R38
A39: KRIBHCO/MKIG | I39: RESTRICTION | N39: NCLW | P39: =+O39 | Q39: PPSP | S39: =+R39
A40: DAHEJ | I40: SPECIAL | N40: KPRK | P40: =+O40 | Q40: BHUN | S40: =+R40
I41: RMC | N41: OTHERS | P41: =+O41 | Q41: OTH | S41: =+R41
A42: TOTAL | B42: =SUM(B32:B41) | C42: =SUM(C32:C41) | D42: =SUM(D32:D41) | E42: =SUM(E32:E41) | F42: =SUM(F32:F41) | G42: TOTAL | H42: =SUM(H30:H41) | I42: TOTAL | N42: TOTAL | O42: =SUM(O34:O41) | P42: =SUM(P34:P41) | Q42: TOTAL | R42: =SUM(R33:R41) | S42: =SUM(S33:S41)
A44: PORT | B44: COMM | C44: O/B | D44: FRESH | E44: TTL | F44: DISPATCH | G44: C/B
A45: MDPT | B45: DAP
B46: UREA | I46: UREA
B47: AS | I47: DAP
B48: MOP | I48: OTHRS
B49: NPK
B50: NPS
B51: K-MAG
B52: TOTAL
A54: WPA | B54: COAL
A56: KDLP | B56: DAP
B57: UREA
B58: MOP
B59: NPK
B60: DPH
B61: APS
B62: NPK-12
B63: ASP
B64: AMONIM/SP
B65: TOTAL
B67: COAL
A69: DBTK | B69: DAP
B70: OTHER
B71: UREA
B72: TOTAL
A74: IMCL | B74: COAL
B75: PET/COKE
B76: DOMESTIC
A78: IFFG | B78: NPK-GR-1
B79: NPK-GR-2
B80: IND/DAP
B81: IMP/DAP
B82: TOTAL

Sheet 5
A1: GM MORNING POSITION | O1: DATE | P1: 46789 | S1: PAGE-1
A2: COMPARATIVE LOADING PERFORMANCE AS ON | I2: =P1-1 | K2: Avg Progressive LDG per day for the whole Year | N2: LOADING TARGET 2026-27
A3: Commodity | B3: Target per day for Aug-26 | C3: Cuurent Year | F3: Last Year | H3: Diff in AVG | I3: Avg for the whole Month AUG-2025 | J3: Diff in Avg | K3: Current Year from April-2026 | L3: Last Year from April-2025 | M3: Last Year Upto 31st March-2026 | N3: 46143 | P3: WAGONS | R3: LOADING IN MILLION TONNES
C4: No of Rakes | D4: Wagons | E4: Monthly Avg till date | F4: Wagons | G4: Monthly Avg till date | P4: 2025-2026 | Q4: 2026-2027 | R4: 2025-2026 | S4: 2026-2027
A5: CEM | B5: 0 | E5: =LINK!BT3 | F5: =LINK!F32 | G5: =LINK!AM32 | H5: =E5-G5 | I5: =LINK!B61 | J5: =E5-I5 | K5: =LINK!EK3 | L5: =LINK!BT32 | M5: =LINK!C61 | N5: Loading Target 2026-2027 | P5: 2058189 | Q5: 2208615 | S5: 109.47
A6: COAL | B6: 0 | E6: =LINK!BT4 | F6: =LINK!F33 | G6: =LINK!AM33 | H6: =E6-G6 | I6: =LINK!B62 | J6: =E6-I6 | K6: =LINK!EK4 | L6: =LINK!BT33 | M6: =LINK!C62 | N6: Progressive Loading Up To JULY | P6: 666648 | Q6: 677642 | R6: 32.81 | S6: 34.47
A7: CONT | B7: 0 | E7: =LINK!BT5 | F7: =LINK!F34 | G7: =LINK!AM34 | H7: =E7-G7 | I7: =LINK!B63 | J7: =E7-I7 | K7: =LINK!EK5 | L7: =LINK!BT34 | M7: =LINK!C63 | N7: Today's Ldg | P7: =F18 | Q7: =D18 | R7: 0.26 | S7: 0.24
A8: FERT | B8: 0 | E8: =LINK!BT6 | F8: =LINK!F35 | G8: =LINK!AM35 | H8: =E8-G8 | I8: =LINK!B64 | J8: =E8-I8 | K8: =LINK!EK6 | L8: =LINK!BT35 | M8: =LINK!C64 | N8: Current month LDG Till date | P8: =LINK!AM70 | Q8: =LINK!BT27 | R8: 0.26 | S8: 0.24
A9: IMFT | B9: 0 | E9: =LINK!BT7 | F9: =LINK!F36 | G9: =LINK!AM36 | H9: =E9-G9 | I9: =LINK!B65 | J9: =E9-I9 | K9: =LINK!EK7 | L9: =LINK!BT36 | M9: =LINK!C65 | N9: DIVISON WISE CUMM LOADING
A10: POL | B10: 0 | E10: =LINK!BT8 | F10: =LINK!F37 | G10: =LINK!AM37 | H10: =E10-G10 | I10: =LINK!B66 | J10: =E10-I10 | K10: =LINK!EK8 | L10: =LINK!BT37 | M10: =LINK!C66 | N10: ADI | P10: =LINK!AI60+LINK!AI61 | Q10: =LINK!DD20 | R10: 14.32 | S10: 17.59
A11: SALT | B11: 0 | E11: =LINK!BT9 | F11: =LINK!F38 | G11: =LINK!AM38 | H11: =E11-G11 | I11: =LINK!B67 | J11: =E11-I11 | K11: =LINK!EK9 | L11: =LINK!BT38 | M11: =LINK!C67 | N11: BCT | P11: =LINK!AI62 | Q11: =LINK!DD21 | R11: 0.37 | S11: 0.31
A12: STEEL | B12: 0 | E12: =LINK!BT10 | F12: =LINK!F39 | G12: =LINK!AM39 | H12: =E12-G12 | I12: =LINK!B68 | J12: =E12-I12 | K12: =LINK!EK10 | L12: =LINK!BT39 | M12: =LINK!C68 | N12: BRC | P12: =LINK!AI63 | Q12: =LINK!DD22 | R12: 4.92 | S12: 2.9
A13: DOC | B13: 0 | E13: =LINK!BT11 | F13: =LINK!F40 | G13: =LINK!AM40 | H13: =E13-G13 | I13: =LINK!B69 | J13: =E13-I13 | K13: =LINK!EK11 | L13: =LINK!BT40 | M13: =LINK!C69 | N13: RJT | P13: =LINK!AI64 | Q13: =LINK!DD23 | R13: 6.17 | S13: 4.88
A14: FG | B14: 0 | E14: =LINK!BT12 | F14: =LINK!F41 | G14: =LINK!AM41 | H14: =E14-G14 | I14: =LINK!B70 | J14: =E14-I14 | K14: =LINK!EK12 | L14: =LINK!BT41 | M14: =LINK!C70 | N14: BVC | P14: =LINK!AI65 | Q14: =LINK!DD24 | R14: 2.14 | S14: 4
A15: CHEM | B15: 0 | E15: =LINK!BT13 | F15: =LINK!F42 | G15: =LINK!AM42 | H15: =E15-G15 | I15: =LINK!B71 | J15: =E15-I15 | K15: =LINK!EK13 | L15: =LINK!BT42 | M15: =LINK!C71 | N15: RTM | P15: =LINK!AI66 | Q15: =LINK!DD25 | R15: 4.12 | S15: 4.72
A16: AUTO | B16: 0 | E16: =LINK!BT14 | F16: =LINK!F43 | G16: =LINK!AM43 | H16: =E16-G16 | I16: =LINK!B72 | J16: =E16-I16 | K16: =LINK!EK14 | L16: =LINK!BT43 | M16: =LINK!C72 | N16: Progressive LDG from April | P16: =LINK!AI67 | Q16: =LINK!DD27 | R16: =SUM(R10:R15) | S16: =SUM(S10:S15)
A17: OTHERS | B17: 0 | E17: =LINK!BT15 | F17: =LINK!F44 | G17: =LINK!AM44 | H17: =E17-G17 | I17: =LINK!B73 | J17: =E17-I17 | K17: =LINK!EK15 | L17: =LINK!BT44 | M17: =LINK!C73 | N17: To Achieve Target | Q17: =+Q5-Q16 | S17: =+S5-S16
A18: TOTAL | B18: =SUM(B5:B17) | C18: =SUM(C5:C17) | D18: =SUM(D5:D17) | E18: =SUM(E5:E17) | F18: =SUM(F5:F17) | G18: =SUM(G5:G17) | H18: =SUM(H5:H17) | I18: =SUM(I5:I17) | ... M18: =SUM(M5:M17)
A19: DIV | B19: =B3 | C19: Cuurent Year | F19: Last Year | H19: Diff | I19: Avg for the whole Month AUG-2025 | J19: Diff in Avg | K19: Current Year from April-2026 | L19: Last Year from April-2025 | M19: Last Year Upto 31st March-2026 | N19: RAKE LOADING AND THEIR AVG
C20: No of Rakes | D20: Wagons | E20: Monthly Avg till date | F20: Wagons | G20: Monthly Avg till date | N20: STOCK | P20: YDAY LDG | R20: AVG
A21: ADI | B21: 0 | E21: =LINK!BT20 | F21: =LINK!F49 | G21: =LINK!AM49 | H21: =E21-G21 | I21: =LINK!B77 | J21: =E21-I21 | K21: =LINK!EK20 | L21: =LINK!BT49 | M21: =LINK!C77 | N21: JUMBO | R21: =LINK!BP89
A22: GIMB | B22: 0 | E22: =LINK!BT21 | F22: =LINK!F50 | G22: =LINK!AM50 | H22: =E22-G22 | I22: =LINK!B78 | J22: =E22-I22 | K22: =LINK!EK21 | L22: =LINK!BT50 | M22: =LINK!C78 | N22: BOXN | R22: =LINK!BP90
A23: BCT | B23: 0 | E23: =LINK!BT22 | F23: =LINK!F51 | G23: =LINK!AM51 | H23: =E23-G23 | I23: =LINK!B79 | J23: =E23-I23 | K23: =LINK!EK22 | L23: =LINK!BT51 | M23: =LINK!C79 | N23: BTPN | R23: =LINK!BP91
A24: BRC | B24: 0 | E24: =LINK!BT23 | F24: =LINK!F52 | G24: =LINK!AM52 | H24: =E24-G24 | I24: =LINK!B80 | J24: =E24-I24 | K24: =LINK!EK23 | L24: =LINK!BT52 | M24: =LINK!C80 | N24: BTPGN | R24: =LINK!BP92
A25: RJT | B25: 0 | E25: =LINK!BT24 | F25: =LINK!F53 | G25: =LINK!AM53 | H25: =E25-G25 | I25: =LINK!B81 | J25: =E25-I25 | K25: =LINK!EK24 | L25: =LINK!BT53 | M25: =LINK!C81 | N25: CONT | R25: =LINK!BP93
A26: BVP | B26: 0 | E26: =LINK!BT25 | F26: =LINK!F54 | G26: =LINK!AM54 | H26: =E26-G26 | I26: =LINK!B82 | J26: =E26-I26 | K26: =LINK!EK25 | L26: =LINK!BT54 | M26: =LINK!C82 | N26: SHRA | R26: =LINK!BP94
A27: RTM | B27: 0 | E27: =LINK!BT26 | F27: =LINK!F55 | G27: =LINK!AM55 | H27: =E27-G27 | I27: =LINK!B83 | J27: =E27-I27 | K27: =LINK!EK26 | L27: =LINK!BT55 | M27: =LINK!C83 | N27: OTHERS | R27: =LINK!BP95
A28: TOTAL | B28: =SUM(B21:B27) | C28: =SUM(C21:C27) | D28: =SUM(D21:D27) | E28: =SUM(E21:E27) | F28: =SUM(F21:F27) | G28: =SUM(G21:G27) | H28: =SUM(H21:H27) | I28: =SUM(I21:I27) | ... M28: =SUM(M21:M27) | N28: TOTAL RAKES | P28: =SUM(P21:P27) | R28: =SUM(R21:R27)
A29: SILO BALANCE AT PORTS | G29: INDIGENOUS FERT SILO | I29: CONTAINER PENDENCY AT PORTS | N29: Loading Last Year As On | Q29: Last Year Progressive LDG from April-2026
A30: PORTS | B30: FERTILISERS | E30: COAL | F30: GYPSUM | G30: GSFM | I30: PORT | K30: TOTAL | L30: READY | M30: CONCOR | N30: =P1-365 | Q30: =N30+1
B31: DAP | C31: UREA | D31: OTHERS | G31: IFFB | I31: MDCC | J31: SOUTH PORT | N31: =LINK!B100 | P31: =LINK!B101 | Q31: =LINK!B102
A32: MDCC/WPA | B32: =G45 | C32: =G46 | D32: =SUM(G47:G51) | E32: =G54 | G32: IFFG | H32: =G80+G81 | J32: MICT | N32: DOUBLE STACK LDG | Q32: YDAY LONG HAUL & PROG
A33: KDLP/KPRK | B33: =G56 | C33: =G57 | D33: =SUM(G58:G64) | E33: =G67 | G33: GSFS | I33: Total | K33: =+K32+K31 | L33: =L31+L32 | M33: =M31+M32 | N33: STN | O33: YDAY | P33: PROG | Q33: MDCC | S33: =+R33
A34: IFFG | G34: GNVS | I34: PPSP | N34: MDCC | P34: =+O34 | Q34: CECC | S34: =+R34
A35: TUNA PORT | B35: =G69 | C35: =G71 | D35: =G70 | E35: =SUM(G74:G76) | G35: KBCS | I35: OUTSATNDING INDENTS | N35: PPSP | P35: =+O35 | Q35: BILD | S35: =+R35
A36: NAVLAKHI | J36: RAKS | L36: P/MEAL | N36: CWCJ | P36: =+O36 | Q36: MPRN | S36: =+R36
A37: WINDMIL | J37: RAKES/ WAGONS | K37: ODR | L37: WAGONS | M37: ODR | N37: MHPL | P37: =+O37 | Q37: SUNR | S37: =+R37
A38: PIPAVAV | I38: FREE | N38: GRFV | P38: =+O38 | Q38: SAUS | S38: =+R38
A39: KRIBHCO/MKIG | I39: RESTRICTION | N39: NCLW | P39: =+O39 | Q39: PPSP | S39: =+R39
A40: DAHEJ | I40: SPECIAL | N40: KPRK | P40: =+O40 | Q40: BHUN | S40: =+R40
I41: RMC | N41: OTHERS | P41: =+O41 | Q41: OTH | S41: =+R41
A42: TOTAL | B42: =SUM(B32:B41) | C42: =SUM(C32:C41) | D42: =SUM(D32:D41) | E42: =SUM(E32:E41) | F42: =SUM(F32:F41) | G42: TOTAL | H42: =SUM(H30:H41) | I42: TOTAL | N42: TOTAL | O42: =SUM(O34:O41) | P42: =SUM(P34:P41) | Q42: TOTAL | R42: =SUM(R33:R41) | S42: =SUM(S33:S41)
A44: PORT | B44: COMM | C44: O/B | D44: FRESH | E44: TTL | F44: DISPATCH | G44: C/B
A45: MDPT | B45: DAP
B46: UREA | I46: UREA
B47: AS | I47: DAP
B48: MOP | I48: OTHRS
B49: NPK
B50: NPS
B51: K-MAG
B52: TOTAL
A54: WPA | B54: COAL
A56: KDLP | B56: DAP
B57: UREA
B58: MOP
B59: NPK
B60: DPH
B61: APS
B62: NPK-12
B63: ASP
B64: AMONIM/SP
B65: TOTAL
B67: COAL
A69: DBTK | B69: DAP
B70: OTHER
B71: UREA
B72: TOTAL
A74: IMCL | B74: COAL
B75: PET/COKE
B76: DOMESTIC
A78: IFFG | B78: NPK-GR-1
B79: NPK-GR-2
B80: IND/DAP
B81: IMP/DAP
B82: TOTAL

Sheet 6
A1: GM MORNING POSITION | O1: DATE | P1: 46790 | S1: PAGE-1
A2: COMPARATIVE LOADING PERFORMANCE AS ON | I2: =P1-1 | K2: Avg Progressive LDG per day for the whole Year | N2: LOADING TARGET 2026-27
A3: Commodity | B3: Target per day for Aug-26 | C3: Cuurent Year | F3: Last Year | H3: Diff in AVG | I3: Avg for the whole Month AUG-2025 | J3: Diff in Avg | K3: Current Year from April-2026 | L3: Last Year from April-2025 | M3: Last Year Upto 31st March-2026 | N3: 46143 | P3: WAGONS | R3: LOADING IN MILLION TONNES
C4: No of Rakes | D4: Wagons | E4: Monthly Avg till date | F4: Wagons | G4: Monthly Avg till date | P4: 2025-2026 | Q4: 2026-2027 | R4: 2025-2026 | S4: 2026-2027
A5: CEM | B5: 0 | E5: =LINK!BU3 | F5: =LINK!G32 | G5: =LINK!AN32 | H5: =E5-G5 | I5: =LINK!B61 | J5: =E5-I5 | K5: =LINK!EL3 | L5: =LINK!BU32 | M5: =LINK!C61 | N5: Loading Target 2026-2027 | P5: 2058189 | Q5: 2208615 | S5: 109.47
A6: COAL | B6: 0 | E6: =LINK!BU4 | F6: =LINK!G33 | G6: =LINK!AN33 | H6: =E6-G6 | I6: =LINK!B62 | J6: =E6-I6 | K6: =LINK!EL4 | L6: =LINK!BU33 | M6: =LINK!C62 | N6: Progressive Loading Up To JULY | P6: 666648 | Q6: 677642 | R6: 32.81 | S6: 34.47
A7: CONT | B7: 0 | E7: =LINK!BU5 | F7: =LINK!G34 | G7: =LINK!AN34 | H7: =E7-G7 | I7: =LINK!B63 | J7: =E7-I7 | K7: =LINK!EL5 | L7: =LINK!BU34 | M7: =LINK!C63 | N7: Today's Ldg | P7: =F18 | Q7: =D18 | R7: 0.26 | S7: 0.24
A8: FERT | B8: 0 | E8: =LINK!BU6 | F8: =LINK!G35 | G8: =LINK!AN35 | H8: =E8-G8 | I8: =LINK!B64 | J8: =E8-I8 | K8: =LINK!EL6 | L8: =LINK!BU35 | M8: =LINK!C64 | N8: Current month LDG Till date | P8: =LINK!AN70 | Q8: =LINK!BU27 | R8: 0.26 | S8: 0.24
A9: IMFT | B9: 0 | E9: =LINK!BU7 | F9: =LINK!G36 | G9: =LINK!AN36 | H9: =E9-G9 | I9: =LINK!B65 | J9: =E9-I9 | K9: =LINK!EL7 | L9: =LINK!BU36 | M9: =LINK!C65 | N9: DIVISON WISE CUMM LOADING
A10: POL | B10: 0 | E10: =LINK!BU8 | F10: =LINK!G37 | G10: =LINK!AN37 | H10: =E10-G10 | I10: =LINK!B66 | J10: =E10-I10 | K10: =LINK!EL8 | L10: =LINK!BU37 | M10: =LINK!C66 | N10: ADI | P10: =LINK!AI60+LINK!AI61 | Q10: =LINK!DE20 | R10: 14.32 | S10: 17.59
A11: SALT | B11: 0 | E11: =LINK!BU9 | F11: =LINK!G38 | G11: =LINK!AN38 | H11: =E11-G11 | I11: =LINK!B67 | J11: =E11-I11 | K11: =LINK!EL9 | L11: =LINK!BU38 | M11: =LINK!C67 | N11: BCT | P11: =LINK!AI62 | Q11: =LINK!DE21 | R11: 0.37 | S11: 0.31
A12: STEEL | B12: 0 | E12: =LINK!BU10 | F12: =LINK!G39 | G12: =LINK!AN39 | H12: =E12-G12 | I12: =LINK!B68 | J12: =E12-I12 | K12: =LINK!EL10 | L12: =LINK!BU39 | M12: =LINK!C68 | N12: BRC | P12: =LINK!AI63 | Q12: =LINK!DE22 | R12: 4.92 | S12: 2.9
A13: DOC | B13: 0 | E13: =LINK!BU11 | F13: =LINK!G40 | G13: =LINK!AN40 | H13: =E13-G13 | I13: =LINK!B69 | J13: =E13-I13 | K13: =LINK!EL11 | L13: =LINK!BU40 | M13: =LINK!C69 | N13: RJT | P13: =LINK!AI64 | Q13: =LINK!DE23 | R13: 6.17 | S13: 4.88
A14: FG | B14: 0 | E14: =LINK!BU12 | F14: =LINK!G41 | G14: =LINK!AN41 | H14: =E14-G14 | I14: =LINK!B70 | J14: =E14-I14 | K14: =LINK!EL12 | L14: =LINK!BU41 | M14: =LINK!C70 | N14: BVC | P14: =LINK!AI65 | Q14: =LINK!DE24 | R14: 2.14 | S14: 4
A15: CHEM | B15: 0 | E15: =LINK!BU13 | F15: =LINK!G42 | G15: =LINK!AN42 | H15: =E15-G15 | I15: =LINK!B71 | J15: =E15-I15 | K15: =LINK!EL13 | L15: =LINK!BU42 | M15: =LINK!C71 | N15: RTM | P15: =LINK!AI66 | Q15: =LINK!DE25 | R15: 4.12 | S15: 4.72
A16: AUTO | B16: 0 | E16: =LINK!BU14 | F16: =LINK!G43 | G16: =LINK!AN43 | H16: =E16-G16 | I16: =LINK!B72 | J16: =E16-I16 | K16: =LINK!EL14 | L16: =LINK!BU43 | M16: =LINK!C72 | N16: Progressive LDG from April | P16: =LINK!AI67 | Q16: =LINK!DE27 | R16: =SUM(R10:R15) | S16: =SUM(S10:S15)
A17: OTHERS | B17: 0 | E17: =LINK!BU15 | F17: =LINK!G44 | G17: =LINK!AN44 | H17: =E17-G17 | I17: =LINK!B73 | J17: =E17-I17 | K17: =LINK!EL15 | L17: =LINK!BU44 | M17: =LINK!C73 | N17: To Achieve Target | Q17: =+Q5-Q16 | S17: =+S5-S16
A18: TOTAL | B18: =SUM(B5:B17) | C18: =SUM(C5:C17) | D18: =SUM(D5:D17) | E18: =SUM(E5:E17) | F18: =SUM(F5:F17) | G18: =SUM(G5:G17) | H18: =SUM(H5:H17) | I18: =SUM(I5:I17) | ... M18: =SUM(M5:M17)
A19: DIV | B19: =B3 | C19: Cuurent Year | F19: Last Year | H19: Diff | I19: Avg for the whole Month AUG-2025 | J19: Diff in Avg | K19: Current Year from April-2026 | L19: Last Year from April-2025 | M19: Last Year Upto 31st March-2026 | N19: RAKE LOADING AND THEIR AVG
C20: No of Rakes | D20: Wagons | E20: Monthly Avg till date | F20: Wagons | G20: Monthly Avg till date | N20: STOCK | P20: YDAY LDG | R20: AVG
A21: ADI | B21: 0 | E21: =LINK!BU20 | F21: =LINK!G49 | G21: =LINK!AN49 | H21: =E21-G21 | I21: =LINK!B77 | J21: =E21-I21 | K21: =LINK!EL20 | L21: =LINK!BU49 | M21: =LINK!C77 | N21: JUMBO | R21: =LINK!BP89
A22: GIMB | B22: 0 | E22: =LINK!BU21 | F22: =LINK!G50 | G22: =LINK!AN50 | H22: =E22-G22 | I22: =LINK!B78 | J22: =E22-I22 | K22: =LINK!EL21 | L22: =LINK!BU50 | M22: =LINK!C78 | N22: BOXN | R22: =LINK!BP90
A23: BCT | B23: 0 | E23: =LINK!BU22 | F23: =LINK!G51 | G23: =LINK!AN51 | H23: =E23-G23 | I23: =LINK!B79 | J23: =E23-I23 | K23: =LINK!EL22 | L23: =LINK!BU51 | M23: =LINK!C79 | N23: BTPN | R23: =LINK!BP91
A24: BRC | B24: 0 | E24: =LINK!BU23 | F24: =LINK!G52 | G24: =LINK!AN52 | H24: =E24-G24 | I24: =LINK!B80 | J24: =E24-I24 | K24: =LINK!EL23 | L24: =LINK!BU52 | M24: =LINK!C80 | N24: BTPGN | R24: =LINK!BP92
A25: RJT | B25: 0 | E25: =LINK!BU24 | F25: =LINK!G53 | G25: =LINK!AN53 | H25: =E25-G25 | I25: =LINK!B81 | J25: =E25-I25 | K25: =LINK!EL24 | L25: =LINK!BU53 | M25: =LINK!C81 | N25: CONT | R25: =LINK!BP93
A26: BVP | B26: 0 | E26: =LINK!BU25 | F26: =LINK!G54 | G26: =LINK!AN54 | H26: =E26-G26 | I26: =LINK!B82 | J26: =E26-I26 | K26: =LINK!EL25 | L26: =LINK!BU54 | M26: =LINK!C82 | N26: SHRA | R26: =LINK!BP94
A27: RTM | B27: 0 | E27: =LINK!BU26 | F27: =LINK!G55 | G27: =LINK!AN55 | H27: =E27-G27 | I27: =LINK!B83 | J27: =E27-I27 | K27: =LINK!EL26 | L27: =LINK!BU55 | M27: =LINK!C83 | N27: OTHERS | R27: =LINK!BP95
A28: TOTAL | B28: =SUM(B21:B27) | C28: =SUM(C21:C27) | D28: =SUM(D21:D27) | E28: =SUM(E21:E27) | F28: =SUM(F21:F27) | G28: =SUM(G21:G27) | H28: =SUM(H21:H27) | I28: =SUM(I21:I27) | ... M28: =SUM(M21:M27) | N28: TOTAL RAKES | P28: =SUM(P21:P27) | R28: =SUM(R21:R27)
A29: SILO BALANCE AT PORTS | G29: INDIGENOUS FERT SILO | I29: CONTAINER PENDENCY AT PORTS | N29: Loading Last Year As On | Q29: Last Year Progressive LDG from April-2026
A30: PORTS | B30: FERTILISERS | E30: COAL | F30: GYPSUM | G30: GSFM | I30: PORT | K30: TOTAL | L30: READY | M30: CONCOR | N30: =P1-365 | Q30: =N30+1
B31: DAP | C31: UREA | D31: OTHERS | G31: IFFB | I31: MDCC | J31: SOUTH PORT | N31: =LINK!B100 | P31: =LINK!B101 | Q31: =LINK!B102
A32: MDCC/WPA | B32: =G45 | C32: =G46 | D32: =SUM(G47:G51) | E32: =G54 | G32: IFFG | H32: =G80+G81 | J32: MICT | N32: DOUBLE STACK LDG | Q32: YDAY LONG HAUL & PROG
A33: KDLP/KPRK | B33: =G56 | C33: =G57 | D33: =SUM(G58:G64) | E33: =G67 | G33: GSFS | I33: Total | K33: =+K32+K31 | L33: =L31+L32 | M33: =M31+M32 | N33: STN | O33: YDAY | P33: PROG | Q33: MDCC | S33: =+R33
A34: IFFG | G34: GNVS | I34: PPSP | N34: MDCC | P34: =+O34 | Q34: CECC | S34: =+R34
A35: TUNA PORT | B35: =G69 | C35: =G71 | D35: =G70 | E35: =SUM(G74:G76) | G35: KBCS | I35: OUTSATNDING INDENTS | N35: PPSP | P35: =+O35 | Q35: BILD | S35: =+R35
A36: NAVLAKHI | J36: RAKS | L36: P/MEAL | N36: CWCJ | P36: =+O36 | Q36: MPRN | S36: =+R36
A37: WINDMIL | J37: RAKES/ WAGONS | K37: ODR | L37: WAGONS | M37: ODR | N37: MHPL | P37: =+O37 | Q37: SUNR | S37: =+R37
A38: PIPAVAV | I38: FREE | N38: GRFV | P38: =+O38 | Q38: SAUS | S38: =+R38
A39: KRIBHCO/MKIG | I39: RESTRICTION | N39: NCLW | P39: =+O39 | Q39: PPSP | S39: =+R39
A40: DAHEJ | I40: SPECIAL | N40: KPRK | P40: =+O40 | Q40: BHUN | S40: =+R40
I41: RMC | N41: OTHERS | P41: =+O41 | Q41: OTH | S41: =+R41
A42: TOTAL | B42: =SUM(B32:B41) | C42: =SUM(C32:C41) | D42: =SUM(D32:D41) | E42: =SUM(E32:E41) | F42: =SUM(F32:F41) | G42: TOTAL | H42: =SUM(H30:H41) | I42: TOTAL | N42: TOTAL | O42: =SUM(O34:O41) | P42: =SUM(P34:P41) | Q42: TOTAL | R42: =SUM(R33:R41) | S42: =SUM(S33:S41)
A44: PORT | B44: COMM | C44: O/B | D44: FRESH | E44: TTL | F44: DISPATCH | G44: C/B
A45: MDPT | B45: DAP
B46: UREA | I46: UREA
B47: AS | I47: DAP
B48: MOP | I48: OTHRS
B49: NPK
B50: NPS
B51: K-MAG
B52: TOTAL
A54: WPA | B54: COAL
A56: KDLP | B56: DAP
B57: UREA
B58: MOP
B59: NPK
B60: DPH
B61: APS
B62: NPK-12
B63: ASP
B64: AMONIM/SP
B65: TOTAL
B67: COAL
A69: DBTK | B69: DAP
B70: OTHER
B71: UREA
B72: TOTAL
A74: IMCL | B74: COAL
B75: PET/COKE
B76: DOMESTIC
A78: IFFG | B78: NPK-GR-1
B79: NPK-GR-2
B80: IND/DAP
B81: IMP/DAP
B82: TOTAL

Sheet 7
A1: GM MORNING POSITION | O1: DATE | P1: 46791 | S1: PAGE-1
A2: COMPARATIVE LOADING PERFORMANCE AS ON | I2: =P1-1 | K2: Avg Progressive LDG per day for the whole Year | N2: LOADING TARGET 2026-27
A3: Commodity | B3: Target per day for Aug-26 | C3: Cuurent Year | F3: Last Year | H3: Diff in AVG | I3: Avg for the whole Month AUG-2025 | J3: Diff in Avg | K3: Current Year from April-2026 | L3: Last Year from April-2025 | M3: Last Year Upto 31st March-2026 | N3: 46143 | P3: WAGONS | R3: LOADING IN MILLION TONNES
C4: No of Rakes | D4: Wagons | E4: Monthly Avg till date | F4: Wagons | G4: Monthly Avg till date | P4: 2025-2026 | Q4: 2026-2027 | R4: 2025-2026 | S4: 2026-2027
A5: CEM | B5: 0 | E5: =LINK!BV3 | F5: =LINK!H32 | G5: =LINK!AO32 | H5: =E5-G5 | I5: =LINK!B61 | J5: =E5-I5 | K5: =LINK!EM3 | L5: =LINK!BV32 | M5: =LINK!C61 | N5: Loading Target 2026-2027 | P5: 2058189 | Q5: 2208615 | S5: 109.47
A6: COAL | B6: 0 | E6: =LINK!BV4 | F6: =LINK!H33 | G6: =LINK!AO33 | H6: =E6-G6 | I6: =LINK!B62 | J6: =E6-I6 | K6: =LINK!EM4 | L6: =LINK!BV33 | M6: =LINK!C62 | N6: Progressive Loading Up To JULY | P6: 666648 | Q6: 677642 | R6: 32.81 | S6: 34.47
A7: CONT | B7: 0 | E7: =LINK!BV5 | F7: =LINK!H34 | G7: =LINK!AO34 | H7: =E7-G7 | I7: =LINK!B63 | J7: =E7-I7 | K7: =LINK!EM5 | L7: =LINK!BV34 | M7: =LINK!C63 | N7: Today's Ldg | P7: =F18 | Q7: =D18 | R7: 0.26 | S7: 0.24
A8: FERT | B8: 0 | E8: =LINK!BV6 | F8: =LINK!H35 | G8: =LINK!AO35 | H8: =E8-G8 | I8: =LINK!B64 | J8: =E8-I8 | K8: =LINK!EM6 | L8: =LINK!BV35 | M8: =LINK!C64 | N8: Current month LDG Till date | P8: =LINK!AO70 | Q8: =LINK!BV27 | R8: 0.26 | S8: 0.24
A9: IMFT | B9: 0 | E9: =LINK!BV7 | F9: =LINK!H36 | G9: =LINK!AO36 | H9: =E9-G9 | I9: =LINK!B65 | J9: =E9-I9 | K9: =LINK!EM7 | L9: =LINK!BV36 | M9: =LINK!C65 | N9: DIVISON WISE CUMM LOADING
A10: POL | B10: 0 | E10: =LINK!BV8 | F10: =LINK!H37 | G10: =LINK!AO37 | H10: =E10-G10 | I10: =LINK!B66 | J10: =E10-I10 | K10: =LINK!EM8 | L10: =LINK!BV37 | M10: =LINK!C66 | N10: ADI | P10: =LINK!AI60+LINK!AI61 | Q10: =LINK!DF20 | R10: 14.32 | S10: 17.59
A11: SALT | B11: 0 | E11: =LINK!BV9 | F11: =LINK!H38 | G11: =LINK!AO38 | H11: =E11-G11 | I11: =LINK!B67 | J11: =E11-I11 | K11: =LINK!EM9 | L11: =LINK!BV38 | M11: =LINK!C67 | N11: BCT | P11: =LINK!AI62 | Q11: =LINK!DF21 | R11: 0.37 | S11: 0.31
A12: STEEL | B12: 0 | E12: =LINK!BV10 | F12: =LINK!H39 | G12: =LINK!AO39 | H12: =E12-G12 | I12: =LINK!B68 | J12: =E12-I12 | K12: =LINK!EM10 | L12: =LINK!BV39 | M12: =LINK!C68 | N12: BRC | P12: =LINK!AI63 | Q12: =LINK!DF22 | R12: 4.92 | S12: 2.9
A13: DOC | B13: 0 | E13: =LINK!BV11 | F13: =LINK!H40 | G13: =LINK!AO40 | H13: =E13-G13 | I13: =LINK!B69 | J13: =E13-I13 | K13: =LINK!EM11 | L13: =LINK!BV40 | M13: =LINK!C69 | N13: RJT | P13: =LINK!AI64 | Q13: =LINK!DF23 | R13: 6.17 | S13: 4.88
A14: FG | B14: 0 | E14: =LINK!BV12 | F14: =LINK!H41 | G14: =LINK!AO41 | H14: =E14-G14 | I14: =LINK!B70 | J14: =E14-I14 | K14: =LINK!EM12 | L14: =LINK!BV41 | M14: =LINK!C70 | N14: BVC | P14: =LINK!AI65 | Q14: =LINK!DF24 | R14: 2.14 | S14: 4
A15: CHEM | B15: 0 | E15: =LINK!BV13 | F15: =LINK!H42 | G15: =LINK!AO42 | H15: =E15-G15 | I15: =LINK!B71 | J15: =E15-I15 | K15: =LINK!EM13 | L15: =LINK!BV42 | M15: =LINK!C71 | N15: RTM | P15: =LINK!AI66 | Q15: =LINK!DF25 | R15: 4.12 | S15: 4.72
A16: AUTO | B16: 0 | E16: =LINK!BV14 | F16: =LINK!H43 | G16: =LINK!AO43 | H16: =E16-G16 | I16: =LINK!B72 | J16: =E16-I16 | K16: =LINK!EM14 | L16: =LINK!BV43 | M16: =LINK!C72 | N16: Progressive LDG from April | P16: =LINK!AI67 | Q16: =LINK!DF27 | R16: =SUM(R10:R15) | S16: =SUM(S10:S15)
A17: OTHERS | B17: 0 | E17: =LINK!BV15 | F17: =LINK!H44 | G17: =LINK!AO44 | H17: =E17-G17 | I17: =LINK!B73 | J17: =E17-I17 | K17: =LINK!EM15 | L17: =LINK!BV44 | M17: =LINK!C73 | N17: To Achieve Target | Q17: =+Q5-Q16 | S17: =+S5-S16
A18: TOTAL | B18: =SUM(B5:B17) | C18: =SUM(C5:C17) | D18: =SUM(D5:D17) | E18: =SUM(E5:E17) | F18: =SUM(F5:F17) | G18: =SUM(G5:G17) | H18: =SUM(H5:H17) | I18: =SUM(I5:I17) | ... M18: =SUM(M5:M17)
A19: DIV | B19: =B3 | C19: Cuurent Year | F19: Last Year | H19: Diff | I19: Avg for the whole Month AUG-2025 | J19: Diff in Avg | K19: Current Year from April-2026 | L19: Last Year from April-2025 | M19: Last Year Upto 31st March-2026 | N19: RAKE LOADING AND THEIR AVG
C20: No of Rakes | D20: Wagons | E20: Monthly Avg till date | F20: Wagons | G20: Monthly Avg till date | N20: STOCK | P20: YDAY LDG | R20: AVG
A21: ADI | B21: 0 | E21: =LINK!BV20 | F21: =LINK!H49 | G21: =LINK!AO49 | H21: =E21-G21 | I21: =LINK!B77 | J21: =E21-I21 | K21: =LINK!EM20 | L21: =LINK!BV49 | M21: =LINK!C77 | N21: JUMBO | R21: =LINK!BP89
A22: GIMB | B22: 0 | E22: =LINK!BV21 | F22: =LINK!H50 | G22: =LINK!AO50 | H22: =E22-G22 | I22: =LINK!B78 | J22: =E22-I22 | K22: =LINK!EM21 | L22: =LINK!BV50 | M22: =LINK!C78 | N22: BOXN | R22: =LINK!BP90
A23: BCT | B23: 0 | E23: =LINK!BV22 | F23: =LINK!H51 | G23: =LINK!AO51 | H23: =E23-G23 | I23: =LINK!B79 | J23: =E23-I23 | K23: =LINK!EM22 | L23: =LINK!BV51 | M23: =LINK!C79 | N23: BTPN | R23: =LINK!BP91
A24: BRC | B24: 0 | E24: =LINK!BV23 | F24: =LINK!H52 | G24: =LINK!AO52 | H24: =E24-G24 | I24: =LINK!B80 | J24: =E24-I24 | K24: =LINK!EM23 | L24: =LINK!BV52 | M24: =LINK!C80 | N24: BTPGN | R24: =LINK!BP92
A25: RJT | B25: 0 | E25: =LINK!BV24 | F25: =LINK!H53 | G25: =LINK!AO53 | H25: =E25-G25 | I25: =LINK!B81 | J25: =E25-I25 | K25: =LINK!EM24 | L25: =LINK!BV53 | M25: =LINK!C81 | N25: CONT | R25: =LINK!BP93
A26: BVP | B26: 0 | E26: =LINK!BV25 | F26: =LINK!H54 | G26: =LINK!AO54 | H26: =E26-G26 | I26: =LINK!B82 | J26: =E26-I26 | K26: =LINK!EM25 | L26: =LINK!BV54 | M26: =LINK!C82 | N26: SHRA | R26: =LINK!BP94
A27: RTM | B27: 0 | E27: =LINK!BV26 | F27: =LINK!H55 | G27: =LINK!AO55 | H27: =E27-G27 | I27: =LINK!B83 | J27: =E27-I27 | K27: =LINK!EM26 | L27: =LINK!BV55 | M27: =LINK!C83 | N27: OTHERS | R27: =LINK!BP95
A28: TOTAL | B28: =SUM(B21:B27) | C28: =SUM(C21:C27) | D28: =SUM(D21:D27) | E28: =SUM(E21:E27) | F28: =SUM(F21:F27) | G28: =SUM(G21:G27) | H28: =SUM(H21:H27) | I28: =SUM(I21:I27) | ... M28: =SUM(M21:M27) | N28: TOTAL RAKES | P28: =SUM(P21:P27) | R28: =SUM(R21:R27)
A29: SILO BALANCE AT PORTS | G29: INDIGENOUS FERT SILO | I29: CONTAINER PENDENCY AT PORTS | N29: Loading Last Year As On | Q29: Last Year Progressive LDG from April-2026
A30: PORTS | B30: FERTILISERS | E30: COAL | F30: GYPSUM | G30: GSFM | I30: PORT | K30: TOTAL | L30: READY | M30: CONCOR | N30: =P1-365 | Q30: =N30+1
B31: DAP | C31: UREA | D31: OTHERS | G31: IFFB | I31: MDCC | J31: SOUTH PORT | N31: =LINK!B100 | P31: =LINK!B101 | Q31: =LINK!B102
A32: MDCC/WPA | B32: =G45 | C32: =G46 | D32: =SUM(G47:G51) | E32: =G54 | G32: IFFG | H32: =G80+G81 | J32: MICT | N32: DOUBLE STACK LDG | Q32: YDAY LONG HAUL & PROG
A33: KDLP/KPRK | B33: =G56 | C33: =G57 | D33: =SUM(G58:G64) | E33: =G67 | G33: GSFS | I33: Total | K33: =+K32+K31 | L33: =L31+L32 | M33: =M31+M32 | N33: STN | O33: YDAY | P33: PROG | Q33: MDCC | S33: =+R33
A34: IFFG | G34: GNVS | I34: PPSP | N34: MDCC | P34: =+O34 | Q34: CECC | S34: =+R34
A35: TUNA PORT | B35: =G69 | C35: =G71 | D35: =G70 | E35: =SUM(G74:G76) | G35: KBCS | I35: OUTSATNDING INDENTS | N35: PPSP | P35: =+O35 | Q35: BILD | S35: =+R35
A36: NAVLAKHI | J36: RAKS | L36: P/MEAL | N36: CWCJ | P36: =+O36 | Q36: MPRN | S36: =+R36
A37: WINDMIL | J37: RAKES/ WAGONS | K37: ODR | L37: WAGONS | M37: ODR | N37: MHPL | P37: =+O37 | Q37: SUNR | S37: =+R37
A38: PIPAVAV | I38: FREE | N38: GRFV | P38: =+O38 | Q38: SAUS | S38: =+R38
A39: KRIBHCO/MKIG | I39: RESTRICTION | N39: NCLW | P39: =+O39 | Q39: PPSP | S39: =+R39
A40: DAHEJ | I40: SPECIAL | N40: KPRK | P40: =+O40 | Q40: BHUN | S40: =+R40
I41: RMC | N41: OTHERS | P41: =+O41 | Q41: OTH | S41: =+R41
A42: TOTAL | B42: =SUM(B32:B41) | C42: =SUM(C32:C41) | D42: =SUM(D32:D41) | E42: =SUM(E32:E41) | F42: =SUM(F32:F41) | G42: TOTAL | H42: =SUM(H30:H41) | I42: TOTAL | N42: TOTAL | O42: =SUM(O34:O41) | P42: =SUM(P34:P41) | Q42: TOTAL | R42: =SUM(R33:R41) | S42: =SUM(S33:S41)
A44: PORT | B44: COMM | C44: O/B | D44: FRESH | E44: TTL | F44: DISPATCH | G44: C/B
A45: MDPT | B45: DAP
B46: UREA | I46: UREA
B47: AS | I47: DAP
B48: MOP | I48: OTHRS
B49: NPK
B50: NPS
B51: K-MAG
B52: TOTAL
A54: WPA | B54: COAL
A56: KDLP | B56: DAP
B57: UREA
B58: MOP
B59: NPK
B60: DPH
B61: APS
B62: NPK-12
B63: ASP
B64: AMONIM/SP
B65: TOTAL
B67: COAL
A69: DBTK | B69: DAP
B70: OTHER
B71: UREA
B72: TOTAL
A74: IMCL | B74: COAL
B75: PET/COKE
B76: DOMESTIC
A78: IFFG | B78: NPK-GR-1
B79: NPK-GR-2
B80: IND/DAP
B81: IMP/DAP
B82: TOTAL

Sheet 8
A1: GM MORNING POSITION | O1: DATE | P1: 46792 | S1: PAGE-1
A2: COMPARATIVE LOADING PERFORMANCE AS ON | I2: =P1-1 | K2: Avg Progressive LDG per day for the whole Year | N2: LOADING TARGET 2026-27
A3: Commodity | B3: Target per day for Aug-26 | C3: Cuurent Year | F3: Last Year | H3: Diff in AVG | I3: Avg for the whole Month AUG-2025 | J3: Diff in Avg | K3: Current Year from April-2026 | L3: Last Year from April-2025 | M3: Last Year Upto 31st March-2026 | N3: 46143 | P3: WAGONS | R3: LOADING IN MILLION TONNES
C4: No of Rakes | D4: Wagons | E4: Monthly Avg till date | F4: Wagons | G4: Monthly Avg till date | P4: 2025-2026 | Q4: 2026-2027 | R4: 2025-2026 | S4: 2026-2027
A5: CEM | B5: 0 | E5: =LINK!BW3 | F5: =LINK!I32 | G5: =LINK!AP32 | H5: =E5-G5 | I5: =LINK!B61 | J5: =E5-I5 | K5: =LINK!EN3 | L5: =LINK!BW32 | M5: =LINK!C61 | N5: Loading Target 2026-2027 | P5: 2058189 | Q5: 2208615 | S5: 109.47
A6: COAL | B6: 0 | E6: =LINK!BW4 | F6: =LINK!I33 | G6: =LINK!AP33 | H6: =E6-G6 | I6: =LINK!B62 | J6: =E6-I6 | K6: =LINK!EN4 | L6: =LINK!BW33 | M6: =LINK!C62 | N6: Progressive Loading Up To JULY | P6: 666648 | Q6: 677642 | R6: 32.81 | S6: 34.47
A7: CONT | B7: 0 | E7: =LINK!BW5 | F7: =LINK!I34 | G7: =LINK!AP34 | H7: =E7-G7 | I7: =LINK!B63 | J7: =E7-I7 | K7: =LINK!EN5 | L7: =LINK!BW34 | M7: =LINK!C63 | N7: Today's Ldg | P7: =F18 | Q7: =D18 | R7: 0.26 | S7: 0.24
A8: FERT | B8: 0 | E8: =LINK!BW6 | F8: =LINK!I35 | G8: =LINK!AP35 | H8: =E8-G8 | I8: =LINK!B64 | J8: =E8-I8 | K8: =LINK!EN6 | L8: =LINK!BW35 | M8: =LINK!C64 | N8: Current month LDG Till date | P8: =LINK!AP70 | Q8: =LINK!BW27 | R8: 0.26 | S8: 0.24
A9: IMFT | B9: 0 | E9: =LINK!BW7 | F9: =LINK!I36 | G9: =LINK!AP36 | H9: =E9-G9 | I9: =LINK!B65 | J9: =E9-I9 | K9: =LINK!EN7 | L9: =LINK!BW36 | M9: =LINK!C65 | N9: DIVISON WISE CUMM LOADING
A10: POL | B10: 0 | E10: =LINK!BW8 | F10: =LINK!I37 | G10: =LINK!AP37 | H10: =E10-G10 | I10: =LINK!B66 | J10: =E10-I10 | K10: =LINK!EN8 | L10: =LINK!BW37 | M10: =LINK!C66 | N10: ADI | P10: =LINK!AI60+LINK!AI61 | Q10: =LINK!DG20 | R10: 14.32 | S10: 17.59
A11: SALT | B11: 0 | E11: =LINK!BW9 | F11: =LINK!I38 | G11: =LINK!AP38 | H11: =E11-G11 | I11: =LINK!B67 | J11: =E11-I11 | K11: =LINK!EN9 | L11: =LINK!BW38 | M11: =LINK!C67 | N11: BCT | P11: =LINK!AI62 | Q11: =LINK!DG21 | R11: 0.37 | S11: 0.31
A12: STEEL | B12: 0 | E12: =LINK!BW10 | F12: =LINK!I39 | G12: =LINK!AP39 | H12: =E12-G12 | I12: =LINK!B68 | J12: =E12-I12 | K12: =LINK!EN10 | L12: =LINK!BW39 | M12: =LINK!C68 | N12: BRC | P12: =LINK!AI63 | Q12: =LINK!DG22 | R12: 4.92 | S12: 2.9
A13: DOC | B13: 0 | E13: =LINK!BW11 | F13: =LINK!I40 | G13: =LINK!AP40 | H13: =E13-G13 | I13: =LINK!B69 | J13: =E13-I13 | K13: =LINK!EN11 | L13: =LINK!BW40 | M13: =LINK!C69 | N13: RJT | P13: =LINK!AI64 | Q13: =LINK!DG23 | R13: 6.17 | S13: 4.88
A14: FG | B14: 0 | E14: =LINK!BW12 | F14: =LINK!I41 | G14: =LINK!AP41 | H14: =E14-G14 | I14: =LINK!B70 | J14: =E14-I14 | K14: =LINK!EN12 | L14: =LINK!BW41 | M14: =LINK!C70 | N14: BVC | P14: =LINK!AI65 | Q14: =LINK!DG24 | R14: 2.14 | S14: 4
A15: CHEM | B15: 0 | E15: =LINK!BW13 | F15: =LINK!I42 | G15: =LINK!AP42 | H15: =E15-G15 | I15: =LINK!B71 | J15: =E15-I15 | K15: =LINK!EN13 | L15: =LINK!BW42 | M15: =LINK!C71 | N15: RTM | P15: =LINK!AI66 | Q15: =LINK!DG25 | R15: 4.12 | S15: 4.72
A16: AUTO | B16: 0 | E16: =LINK!BW14 | F16: =LINK!I43 | G16: =LINK!AP43 | H16: =E16-G16 | I16: =LINK!B72 | J16: =E16-I16 | K16: =LINK!EN14 | L16: =LINK!BW43 | M16: =LINK!C72 | N16: Progressive LDG from April | P16: =LINK!AI67 | Q16: =LINK!DG27 | R16: =SUM(R10:R15) | S16: =SUM(S10:S15)
A17: OTHERS | B17: 0 | E17: =LINK!BW15 | F17: =LINK!I44 | G17: =LINK!AP44 | H17: =E17-G17 | I17: =LINK!B73 | J17: =E17-I17 | K17: =LINK!EN15 | L17: =LINK!BW44 | M17: =LINK!C73 | N17: To Achieve Target | Q17: =+Q5-Q16 | S17: =+S5-S16
A18: TOTAL | B18: =SUM(B5:B17) | C18: =SUM(C5:C17) | D18: =SUM(D5:D17) | E18: =SUM(E5:E17) | F18: =SUM(F5:F17) | G18: =SUM(G5:G17) | H18: =SUM(H5:H17) | I18: =SUM(I5:I17) | ... M18: =SUM(M5:M17)
A19: DIV | B19: =B3 | C19: Cuurent Year | F19: Last Year | H19: Diff | I19: Avg for the whole Month AUG-2025 | J19: Diff in Avg | K19: Current Year from April-2026 | L19: Last Year from April-2025 | M19: Last Year Upto 31st March-2026 | N19: RAKE LOADING AND THEIR AVG
C20: No of Rakes | D20: Wagons | E20: Monthly Avg till date | F20: Wagons | G20: Monthly Avg till date | N20: STOCK | P20: YDAY LDG | R20: AVG
A21: ADI | B21: 0 | E21: =LINK!BW20 | F21: =LINK!I49 | G21: =LINK!AP49 | H21: =E21-G21 | I21: =LINK!B77 | J21: =E21-I21 | K21: =LINK!EN20 | L21: =LINK!BW49 | M21: =LINK!C77 | N21: JUMBO | R21: =LINK!BP89
A22: GIMB | B22: 0 | E22: =LINK!BW21 | F22: =LINK!I50 | G22: =LINK!AP50 | H22: =E22-G22 | I22: =LINK!B78 | J22: =E22-I22 | K22: =LINK!EN21 | L22: =LINK!BW50 | M22: =LINK!C78 | N22: BOXN | R22: =LINK!BP90
A23: BCT | B23: 0 | E23: =LINK!BW22 | F23: =LINK!I51 | G23: =LINK!AP51 | H23: =E23-G23 | I23: =LINK!B79 | J23: =E23-I23 | K23: =LINK!EN22 | L23: =LINK!BW51 | M23: =LINK!C79 | N23: BTPN | R23: =LINK!BP91
A24: BRC | B24: 0 | E24: =LINK!BW23 | F24: =LINK!I52 | G24: =LINK!AP52 | H24: =E24-G24 | I24: =LINK!B80 | J24: =E24-I24 | K24: =LINK!EN23 | L24: =LINK!BW52 | M24: =LINK!C80 | N24: BTPGN | R24: =LINK!BP92
A25: RJT | B25: 0 | E25: =LINK!BW24 | F25: =LINK!I53 | G25: =LINK!AP53 | H25: =E25-G25 | I25: =LINK!B81 | J25: =E25-I25 | K25: =LINK!EN24 | L25: =LINK!BW53 | M25: =LINK!C81 | N25: CONT | R25: =LINK!BP93
A26: BVP | B26: 0 | E26: =LINK!BW25 | F26: =LINK!I54 | G26: =LINK!AP54 | H26: =E26-G26 | I26: =LINK!B82 | J26: =E26-I26 | K26: =LINK!EN25 | L26: =LINK!BW54 | M26: =LINK!C82 | N26: SHRA | R26: =LINK!BP94
A27: RTM | B27: 0 | E27: =LINK!BW26 | F27: =LINK!I55 | G27: =LINK!AP55 | H27: =E27-G27 | I27: =LINK!B83 | J27: =E27-I27 | K27: =LINK!EN26 | L27: =LINK!BW55 | M27: =LINK!C83 | N27: OTHERS | R27: =LINK!BP95
A28: TOTAL | B28: =SUM(B21:B27) | C28: =SUM(C21:C27) | D28: =SUM(D21:D27) | E28: =SUM(E21:E27) | F28: =SUM(F21:F27) | G28: =SUM(G21:G27) | H28: =SUM(H21:H27) | I28: =SUM(I21:I27) | ... M28: =SUM(M21:M27) | N28: TOTAL RAKES | P28: =SUM(P21:P27) | R28: =SUM(R21:R27)
A29: SILO BALANCE AT PORTS | G29: INDIGENOUS FERT SILO | I29: CONTAINER PENDENCY AT PORTS | N29: Loading Last Year As On | Q29: Last Year Progressive LDG from April-2026
A30: PORTS | B30: FERTILISERS | E30: COAL | F30: GYPSUM | G30: GSFM | I30: PORT | K30: TOTAL | L30: READY | M30: CONCOR | N30: =P1-365 | Q30: =N30+1
B31: DAP | C31: UREA | D31: OTHERS | G31: IFFB | I31: MDCC | J31: SOUTH PORT | N31: =LINK!B100 | P31: =LINK!B101 | Q31: =LINK!B102
A32: MDCC/WPA | B32: =G45 | C32: =G46 | D32: =SUM(G47:G51) | E32: =G54 | G32: IFFG | H32: =G80+G81 | J32: MICT | N32: DOUBLE STACK LDG | Q32: YDAY LONG HAUL & PROG
A33: KDLP/KPRK | B33: =G56 | C33: =G57 | D33: =SUM(G58:G64) | E33: =G67 | G33: GSFS | I33: Total | K33: =+K32+K31 | L33: =L31+L32 | M33: =M31+M32 | N33: STN | O33: YDAY | P33: PROG | Q33: MDCC | S33: =+R33
A34: IFFG | G34: GNVS | I34: PPSP | N34: MDCC | P34: =+O34 | Q34: CECC | S34: =+R34
A35: TUNA PORT | B35: =G69 | C35: =G71 | D35: =G70 | E35: =SUM(G74:G76) | G35: KBCS | I35: OUTSATNDING INDENTS | N35: PPSP | P35: =+O35 | Q35: BILD | S35: =+R35
A36: NAVLAKHI | J36: RAKS | L36: P/MEAL | N36: CWCJ | P36: =+O36 | Q36: MPRN | S36: =+R36
A37: WINDMIL | J37: RAKES/ WAGONS | K37: ODR | L37: WAGONS | M37: ODR | N37: MHPL | P37: =+O37 | Q37: SUNR | S37: =+R37
A38: PIPAVAV | I38: FREE | N38: GRFV | P38: =+O38 | Q38: SAUS | S38: =+R38
A39: KRIBHCO/MKIG | I39: RESTRICTION | N39: NCLW | P39: =+O39 | Q39: PPSP | S39: =+R39
A40: DAHEJ | I40: SPECIAL | N40: KPRK | P40: =+O40 | Q40: BHUN | S40: =+R40
I41: RMC | N41: OTHERS | P41: =+O41 | Q41: OTH | S41: =+R41
A42: TOTAL | B42: =SUM(B32:B41) | C42: =SUM(C32:C41) | D42: =SUM(D32:D41) | E42: =SUM(E32:E41) | F42: =SUM(F32:F41) | G42: TOTAL | H42: =SUM(H30:H41) | I42: TOTAL | N42: TOTAL | O42: =SUM(O34:O41) | P42: =SUM(P34:P41) | Q42: TOTAL | R42: =SUM(R33:R41) | S42: =SUM(S33:S41)
A44: PORT | B44: COMM | C44: O/B | D44: FRESH | E44: TTL | F44: DISPATCH | G44: C/B
A45: MDPT | B45: DAP
B46: UREA | I46: UREA
B47: AS | I47: DAP
B48: MOP | I48: OTHRS
B49: NPK
B50: NPS
B51: K-MAG
B52: TOTAL
A54: WPA | B54: COAL
A56: KDLP | B56: DAP
B57: UREA
B58: MOP
B59: NPK
B60: DPH
B61: APS
B62: NPK-12
B63: ASP
B64: AMONIM/SP
B65: TOTAL
B67: COAL
A69: DBTK | B69: DAP
B70: OTHER
B71: UREA
B72: TOTAL
A74: IMCL | B74: COAL
B75: PET/COKE
B76: DOMESTIC
A78: IFFG | B78: NPK-GR-1
B79: NPK-GR-2
B80: IND/DAP
B81: IMP/DAP
B82: TOTAL

Sheet 9
A1: GM MORNING POSITION | O1: DATE | P1: 46793 | S1: PAGE-1
A2: COMPARATIVE LOADING PERFORMANCE AS ON | I2: =P1-1 | K2: Avg Progressive LDG per day for the whole Year | N2: LOADING TARGET 2026-27
A3: Commodity | B3: Target per day for Aug-26 | C3: Cuurent Year | F3: Last Year | H3: Diff in AVG | I3: Avg for the whole Month AUG-2025 | J3: Diff in Avg | K3: Current Year from April-2026 | L3: Last Year from April-2025 | M3: Last Year Upto 31st March-2026 | N3: 46143 | P3: WAGONS | R3: LOADING IN MILLION TONNES
C4: No of Rakes | D4: Wagons | E4: Monthly Avg till date | F4: Wagons | G4: Monthly Avg till date | P4: 2025-2026 | Q4: 2026-2027 | R4: 2025-2026 | S4: 2026-2027
A5: CEM | B5: 0 | E5: =LINK!BX3 | F5: =LINK!J32 | G5: =LINK!AQ32 | H5: =E5-G5 | I5: =LINK!B61 | J5: =E5-I5 | K5: =LINK!EO3 | L5: =LINK!BX32 | M5: =LINK!C61 | N5: Loading Target 2026-2027 | P5: 2058189 | Q5: 2208615 | S5: 109.47
A6: COAL | B6: 0 | E6: =LINK!BX4 | F6: =LINK!J33 | G6: =LINK!AQ33 | H6: =E6-G6 | I6: =LINK!B62 | J6: =E6-I6 | K6: =LINK!EO4 | L6: =LINK!BX33 | M6: =LINK!C62 | N6: Progressive Loading Up To JULY | P6: 666648 | Q6: 677642 | R6: 32.81 | S6: 34.47
A7: CONT | B7: 0 | E7: =LINK!BX5 | F7: =LINK!J34 | G7: =LINK!AQ34 | H7: =E7-G7 | I7: =LINK!B63 | J7: =E7-I7 | K7: =LINK!EO5 | L7: =LINK!BX34 | M7: =LINK!C63 | N7: Today's Ldg | P7: =F18 | Q7: =D18 | R7: 0.26 | S7: 0.24
A8: FERT | B8: 0 | E8: =LINK!BX6 | F8: =LINK!J35 | G8: =LINK!AQ35 | H8: =E8-G8 | I8: =LINK!B64 | J8: =E8-I8 | K8: =LINK!EO6 | L8: =LINK!BX35 | M8: =LINK!C64 | N8: Current month LDG Till date | P8: =LINK!AQ70 | Q8: =LINK!BX27 | R8: 0.26 | S8: 0.24
A9: IMFT | B9: 0 | E9: =LINK!BX7 | F9: =LINK!J36 | G9: =LINK!AQ36 | H9: =E9-G9 | I9: =LINK!B65 | J9: =E9-I9 | K9: =LINK!EO7 | L9: =LINK!BX36 | M9: =LINK!C65 | N9: DIVISON WISE CUMM LOADING
A10: POL | B10: 0 | E10: =LINK!BX8 | F10: =LINK!J37 | G10: =LINK!AQ37 | H10: =E10-G10 | I10: =LINK!B66 | J10: =E10-I10 | K10: =LINK!EO8 | L10: =LINK!BX37 | M10: =LINK!C66 | N10: ADI | P10: =LINK!AI60+LINK!AI61 | Q10: =LINK!DH20 | R10: 14.32 | S10: 17.59
A11: SALT | B11: 0 | E11: =LINK!BX9 | F11: =LINK!J38 | G11: =LINK!AQ38 | H11: =E11-G11 | I11: =LINK!B67 | J11: =E11-I11 | K11: =LINK!EO9 | L11: =LINK!BX38 | M11: =LINK!C67 | N11: BCT | P11: =LINK!AI62 | Q11: =LINK!DH21 | R11: 0.37 | S11: 0.31
A12: STEEL | B12: 0 | E12: =LINK!BX10 | F12: =LINK!J39 | G12: =LINK!AQ39 | H12: =E12-G12 | I12: =LINK!B68 | J12: =E12-I12 | K12: =LINK!EO10 | L12: =LINK!BX39 | M12: =LINK!C68 | N12: BRC | P12: =LINK!AI63 | Q12: =LINK!DH22 | R12: 4.92 | S12: 2.9
A13: DOC | B13: 0 | E13: =LINK!BX11 | F13: =LINK!J40 | G13: =LINK!AQ40 | H13: =E13-G13 | I13: =LINK!B69 | J13: =E13-I13 | K13: =LINK!EO11 | L13: =LINK!BX40 | M13: =LINK!C69 | N13: RJT | P13: =LINK!AI64 | Q13: =LINK!DH23 | R13: 6.17 | S13: 4.88
A14: FG | B14: 0 | E14: =LINK!BX12 | F14: =LINK!J41 | G14: =LINK!AQ41 | H14: =E14-G14 | I14: =LINK!B70 | J14: =E14-I14 | K14: =LINK!EO12 | L14: =LINK!BX41 | M14: =LINK!C70 | N14: BVC | P14: =LINK!AI65 | Q14: =LINK!DH24 | R14: 2.14 | S14: 4
A15: CHEM | B15: 0 | E15: =LINK!BX13 | F15: =LINK!J42 | G15: =LINK!AQ42 | H15: =E15-G15 | I15: =LINK!B71 | J15: =E15-I15 | K15: =LINK!EO13 | L15: =LINK!BX42 | M15: =LINK!C71 | N15: RTM | P15: =LINK!AI66 | Q15: =LINK!DH25 | R15: 4.12 | S15: 4.72
A16: AUTO | B16: 0 | E16: =LINK!BX14 | F16: =LINK!J43 | G16: =LINK!AQ43 | H16: =E16-G16 | I16: =LINK!B72 | J16: =E16-I16 | K16: =LINK!EO14 | L16: =LINK!BX43 | M16: =LINK!C72 | N16: Progressive LDG from April | P16: =LINK!AI67 | Q16: =LINK!DH27 | R16: =SUM(R10:R15) | S16: =SUM(S10:S15)
A17: OTHERS | B17: 0 | E17: =LINK!BX15 | F17: =LINK!J44 | G17: =LINK!AQ44 | H17: =E17-G17 | I17: =LINK!B73 | J17: =E17-I17 | K17: =LINK!EO15 | L17: =LINK!BX44 | M17: =LINK!C73 | N17: To Achieve Target | Q17: =+Q5-Q16 | S17: =+S5-S16
A18: TOTAL | B18: =SUM(B5:B17) | C18: =SUM(C5:C17) | D18: =SUM(D5:D17) | E18: =SUM(E5:E17) | F18: =SUM(F5:F17) | G18: =SUM(G5:G17) | H18: =SUM(H5:H17) | I18: =SUM(I5:I17) | ... M18: =SUM(M5:M17)
A19: DIV | B19: =B3 | C19: Cuurent Year | F19: Last Year | H19: Diff | I19: Avg for the whole Month AUG-2025 | J19: Diff in Avg | K19: Current Year from April-2026 | L19: Last Year from April-2025 | M19: Last Year Upto 31st March-2026 | N19: RAKE LOADING AND THEIR AVG
C20: No of Rakes | D20: Wagons | E20: Monthly Avg till date | F20: Wagons | G20: Monthly Avg till date | N20: STOCK | P20: YDAY LDG | R20: AVG
A21: ADI | B21: 0 | E21: =LINK!BX20 | F21: =LINK!J49 | G21: =LINK!AQ49 | H21: =E21-G21 | I21: =LINK!B77 | J21: =E21-I21 | K21: =LINK!EO20 | L21: =LINK!BX49 | M21: =LINK!C77 | N21: JUMBO | R21: =LINK!BP89
A22: GIMB | B22: 0 | E22: =LINK!BX21 | F22: =LINK!J50 | G22: =LINK!AQ50 | H22: =E22-G22 | I22: =LINK!B78 | J22: =E22-I22 | K22: =LINK!EO21 | L22: =LINK!BX50 | M22: =LINK!C78 | N22: BOXN | R22: =LINK!BP90
A23: BCT | B23: 0 | E23: =LINK!BX22 | F23: =LINK!J51 | G23: =LINK!AQ51 | H23: =E23-G23 | I23: =LINK!B79 | J23: =E23-I23 | K23: =LINK!EO22 | L23: =LINK!BX51 | M23: =LINK!C79 | N23: BTPN | R23: =LINK!BP91
A24: BRC | B24: 0 | E24: =LINK!BX23 | F24: =LINK!J52 | G24: =LINK!AQ52 | H24: =E24-G24 | I24: =LINK!B80 | J24: =E24-I24 | K24: =LINK!EO23 | L24: =LINK!BX52 | M24: =LINK!C80 | N24: BTPGN | R24: =LINK!BP92
A25: RJT | B25: 0 | E25: =LINK!BX24 | F25: =LINK!J53 | G25: =LINK!AQ53 | H25: =E25-G25 | I25: =LINK!B81 | J25: =E25-I25 | K25: =LINK!EO24 | L25: =LINK!BX53 | M25: =LINK!C81 | N25: CONT | R25: =LINK!BP93
A26: BVP | B26: 0 | E26: =LINK!BX25 | F26: =LINK!J54 | G26: =LINK!AQ54 | H26: =E26-G26 | I26: =LINK!B82 | J26: =E26-I26 | K26: =LINK!EO25 | L26: =LINK!BX54 | M26: =LINK!C82 | N26: SHRA | R26: =LINK!BP94
A27: RTM | B27: 0 | E27: =LINK!BX26 | F27: =LINK!J55 | G27: =LINK!AQ55 | H27: =E27-G27 | I27: =LINK!B83 | J27: =E27-I27 | K27: =LINK!EO26 | L27: =LINK!BX55 | M27: =LINK!C83 | N27: OTHERS | R27: =LINK!BP95
A28: TOTAL | B28: =SUM(B21:B27) | C28: =SUM(C21:C27) | D28: =SUM(D21:D27) | E28: =SUM(E21:E27) | F28: =SUM(F21:F27) | G28: =SUM(G21:G27) | H28: =SUM(H21:H27) | I28: =SUM(I21:I27) | ... M28: =SUM(M21:M27) | N28: TOTAL RAKES | P28: =SUM(P21:P27) | R28: =SUM(R21:R27)
A29: SILO BALANCE AT PORTS | G29: INDIGENOUS FERT SILO | I29: CONTAINER PENDENCY AT PORTS | N29: Loading Last Year As On | Q29: Last Year Progressive LDG from April-2026
A30: PORTS | B30: FERTILISERS | E30: COAL | F30: GYPSUM | G30: GSFM | I30: PORT | K30: TOTAL | L30: READY | M30: CONCOR | N30: =P1-365 | Q30: =N30+1
B31: DAP | C31: UREA | D31: OTHERS | G31: IFFB | I31: MDCC | J31: SOUTH PORT | N31: =LINK!B100 | P31: =LINK!B101 | Q31: =LINK!B102
A32: MDCC/WPA | B32: =G45 | C32: =G46 | D32: =SUM(G47:G51) | E32: =G54 | G32: IFFG | H32: =G80+G81 | J32: MICT | N32: DOUBLE STACK LDG | Q32: YDAY LONG HAUL & PROG
A33: KDLP/KPRK | B33: =G56 | C33: =G57 | D33: =SUM(G58:G64) | E33: =G67 | G33: GSFS | I33: Total | K33: =+K32+K31 | L33: =L31+L32 | M33: =M31+M32 | N33: STN | O33: YDAY | P33: PROG | Q33: MDCC | S33: =+R33
A34: IFFG | G34: GNVS | I34: PPSP | N34: MDCC | P34: =+O34 | Q34: CECC | S34: =+R34
A35: TUNA PORT | B35: =G69 | C35: =G71 | D35: =G70 | E35: =SUM(G74:G76) | G35: KBCS | I35: OUTSATNDING INDENTS | N35: PPSP | P35: =+O35 | Q35: BILD | S35: =+R35
A36: NAVLAKHI | J36: RAKS | L36: P/MEAL | N36: CWCJ | P36: =+O36 | Q36: MPRN | S36: =+R36
A37: WINDMIL | J37: RAKES/ WAGONS | K37: ODR | L37: WAGONS | M37: ODR | N37: MHPL | P37: =+O37 | Q37: SUNR | S37: =+R37
A38: PIPAVAV | I38: FREE | N38: GRFV | P38: =+O38 | Q38: SAUS | S38: =+R38
A39: KRIBHCO/MKIG | I39: RESTRICTION | N39: NCLW | P39: =+O39 | Q39: PPSP | S39: =+R39
A40: DAHEJ | I40: SPECIAL | N40: KPRK | P40: =+O40 | Q40: BHUN | S40: =+R40
I41: RMC | N41: OTHERS | P41: =+O41 | Q41: OTH | S41: =+R41
A42: TOTAL | B42: =SUM(B32:B41) | C42: =SUM(C32:C41) | D42: =SUM(D32:D41) | E42: =SUM(E32:E41) | F42: =SUM(F32:F41) | G42: TOTAL | H42: =SUM(H30:H41) | I42: TOTAL | N42: TOTAL | O42: =SUM(O34:O41) | P42: =SUM(P34:P41) | Q42: TOTAL | R42: =SUM(R33:R41) | S42: =SUM(S33:S41)
A44: PORT | B44: COMM | C44: O/B | D44: FRESH | E44: TTL | F44: DISPATCH | G44: C/B
A45: MDPT | B45: DAP
B46: UREA | I46: UREA
B47: AS | I47: DAP
B48: MOP | I48: OTHRS
B49: NPK
B50: NPS
B51: K-MAG
B52: TOTAL
A54: WPA | B54: COAL
A56: KDLP | B56: DAP
B57: UREA
B58: MOP
B59: NPK
B60: DPH
B61: APS
B62: NPK-12
B63: ASP
B64: AMONIM/SP
B65: TOTAL
B67: COAL
A69: DBTK | B69: DAP
B70: OTHER
B71: UREA
B72: TOTAL
A74: IMCL | B74: COAL
B75: PET/COKE
B76: DOMESTIC
A78: IFFG | B78: NPK-GR-1
B79: NPK-GR-2
B80: IND/DAP
B81: IMP/DAP
B82: TOTAL

Sheet 10
A1: GM MORNING POSITION | O1: DATE | P1: 46794 | S1: PAGE-1
A2: COMPARATIVE LOADING PERFORMANCE AS ON | I2: =P1-1 | K2: Avg Progressive LDG per day for the whole Year | N2: LOADING TARGET 2026-27
A3: Commodity | B3: Target per day for Aug-26 | C3: Cuurent Year | F3: Last Year | H3: Diff in AVG | I3: Avg for the whole Month AUG-2025 | J3: Diff in Avg | K3: Current Year from April-2026 | L3: Last Year from April-2025 | M3: Last Year Upto 31st March-2026 | N3: 46143 | P3: WAGONS | R3: LOADING IN MILLION TONNES
C4: No of Rakes | D4: Wagons | E4: Monthly Avg till date | F4: Wagons | G4: Monthly Avg till date | P4: 2025-2026 | Q4: 2026-2027 | R4: 2025-2026 | S4: 2026-2027
A5: CEM | B5: 0 | E5: =LINK!BY3 | F5: =LINK!K32 | G5: =LINK!AR32 | H5: =E5-G5 | I5: =LINK!B61 | J5: =E5-I5 | K5: =LINK!EP3 | L5: =LINK!BY32 | M5: =LINK!C61 | N5: Loading Target 2026-2027 | P5: 2058189 | Q5: 2208615 | S5: 109.47
A6: COAL | B6: 0 | E6: =LINK!BY4 | F6: =LINK!K33 | G6: =LINK!AR33 | H6: =E6-G6 | I6: =LINK!B62 | J6: =E6-I6 | K6: =LINK!EP4 | L6: =LINK!BY33 | M6: =LINK!C62 | N6: Progressive Loading Up To JULY | P6: 666648 | Q6: 677642 | R6: 32.81 | S6: 34.47
A7: CONT | B7: 0 | E7: =LINK!BY5 | F7: =LINK!K34 | G7: =LINK!AR34 | H7: =E7-G7 | I7: =LINK!B63 | J7: =E7-I7 | K7: =LINK!EP5 | L7: =LINK!BY34 | M7: =LINK!C63 | N7: Today's Ldg | P7: =F18 | Q7: =D18 | R7: 0.26 | S7: 0.24
A8: FERT | B8: 0 | E8: =LINK!BY6 | F8: =LINK!K35 | G8: =LINK!AR35 | H8: =E8-G8 | I8: =LINK!B64 | J8: =E8-I8 | K8: =LINK!EP6 | L8: =LINK!BY35 | M8: =LINK!C64 | N8: Current month LDG Till date | P8: =LINK!AR70 | Q8: =LINK!BY27 | R8: 0.26 | S8: 0.24
A9: IMFT | B9: 0 | E9: =LINK!BY7 | F9: =LINK!K36 | G9: =LINK!AR36 | H9: =E9-G9 | I9: =LINK!B65 | J9: =E9-I9 | K9: =LINK!EP7 | L9: =LINK!BY36 | M9: =LINK!C65 | N9: DIVISON WISE CUMM LOADING
A10: POL | B10: 0 | E10: =LINK!BY8 | F10: =LINK!K37 | G10: =LINK!AR37 | H10: =E10-G10 | I10: =LINK!B66 | J10: =E10-I10 | K10: =LINK!EP8 | L10: =LINK!BY37 | M10: =LINK!C66 | N10: ADI | P10: =LINK!AI60+LINK!AI61 | Q10: =LINK!DI20 | R10: 14.32 | S10: 17.59
A11: SALT | B11: 0 | E11: =LINK!BY9 | F11: =LINK!K38 | G11: =LINK!AR38 | H11: =E11-G11 | I11: =LINK!B67 | J11: =E11-I11 | K11: =LINK!EP9 | L11: =LINK!BY38 | M11: =LINK!C67 | N11: BCT | P11: =LINK!AI62 | Q11: =LINK!DI21 | R11: 0.37 | S11: 0.31
A12: STEEL | B12: 0 | E12: =LINK!BY10 | F12: =LINK!K39 | G12: =LINK!AR39 | H12: =E12-G12 | I12: =LINK!B68 | J12: =E12-I12 | K12: =LINK!EP10 | L12: =LINK!BY39 | M12: =LINK!C68 | N12: BRC | P12: =LINK!AI63 | Q12: =LINK!DI22 | R12: 4.92 | S12: 2.9
A13: DOC | B13: 0 | E13: =LINK!BY11 | F13: =LINK!K40 | G13: =LINK!AR40 | H13: =E13-G13 | I13: =LINK!B69 | J13: =E13-I13 | K13: =LINK!EP11 | L13: =LINK!BY40 | M13: =LINK!C69 | N13: RJT | P13: =LINK!AI64 | Q13: =LINK!DI23 | R13: 6.17 | S13: 4.88
A14: FG | B14: 0 | E14: =LINK!BY12 | F14: =LINK!K41 | G14: =LINK!AR41 | H14: =E14-G14 | I14: =LINK!B70 | J14: =E14-I14 | K14: =LINK!EP12 | L14: =LINK!BY41 | M14: =LINK!C70 | N14: BVC | P14: =LINK!AI65 | Q14: =LINK!DI24 | R14: 2.14 | S14: 4
A15: CHEM | B15: 0 | E15: =LINK!BY13 | F15: =LINK!K42 | G15: =LINK!AR42 | H15: =E15-G15 | I15: =LINK!B71 | J15: =E15-I15 | K15: =LINK!EP13 | L15: =LINK!BY42 | M15: =LINK!C71 | N15: RTM | P15: =LINK!AI66 | Q15: =LINK!DI25 | R15: 4.12 | S15: 4.72
A16: AUTO | B16: 0 | E16: =LINK!BY14 | F16: =LINK!K43 | G16: =LINK!AR43 | H16: =E16-G16 | I16: =LINK!B72 | J16: =E16-I16 | K16: =LINK!EP14 | L16: =LINK!BY43 | M16: =LINK!C72 | N16: Progressive LDG from April | P16: =LINK!AI67 | Q16: =LINK!DI27 | R16: =SUM(R10:R15) | S16: =SUM(S10:S15)
A17: OTHERS | B17: 0 | E17: =LINK!BY15 | F17: =LINK!K44 | G17: =LINK!AR44 | H17: =E17-G17 | I17: =LINK!B73 | J17: =E17-I17 | K17: =LINK!EP15 | L17: =LINK!BY44 | M17: =LINK!C73 | N17: To Achieve Target | Q17: =+Q5-Q16 | S17: =+S5-S16
A18: TOTAL | B18: =SUM(B5:B17) | C18: =SUM(C5:C17) | D18: =SUM(D5:D17) | E18: =SUM(E5:E17) | F18: =SUM(F5:F17) | G18: =SUM(G5:G17) | H18: =SUM(H5:H17) | I18: =SUM(I5:I17) | ... M18: =SUM(M5:M17)
A19: DIV | B19: =B3 | C19: Cuurent Year | F19: Last Year | H19: Diff | I19: Avg for the whole Month AUG-2025 | J19: Diff in Avg | K19: Current Year from April-2026 | L19: Last Year from April-2025 | M19: Last Year Upto 31st March-2026 | N19: RAKE LOADING AND THEIR AVG
C20: No of Rakes | D20: Wagons | E20: Monthly Avg till date | F20: Wagons | G20: Monthly Avg till date | N20: STOCK | P20: YDAY LDG | R20: AVG
A21: ADI | B21: 0 | E21: =LINK!BY20 | F21: =LINK!K49 | G21: =LINK!AR49 | H21: =E21-G21 | I21: =LINK!B77 | J21: =E21-I21 | K21: =LINK!EP20 | L21: =LINK!BY49 | M21: =LINK!C77 | N21: JUMBO | R21: =LINK!BP89
A22: GIMB | B22: 0 | E22: =LINK!BY21 | F22: =LINK!K50 | G22: =LINK!AR50 | H22: =E22-G22 | I22: =LINK!B78 | J22: =E22-I22 | K22: =LINK!EP21 | L22: =LINK!BY50 | M22: =LINK!C78 | N22: BOXN | R22: =LINK!BP90
A23: BCT | B23: 0 | E23: =LINK!BY22 | F23: =LINK!K51 | G23: =LINK!AR51 | H23: =E23-G23 | I23: =LINK!B79 | J23: =E23-I23 | K23: =LINK!EP22 | L23: =LINK!BY51 | M23: =LINK!C79 | N23: BTPN | R23: =LINK!BP91
A24: BRC | B24: 0 | E24: =LINK!BY23 | F24: =LINK!K52 | G24: =LINK!AR52 | H24: =E24-G24 | I24: =LINK!B80 | J24: =E24-I24 | K24: =LINK!EP23 | L24: =LINK!BY52 | M24: =LINK!C80 | N24: BTPGN | R24: =LINK!BP92
A25: RJT | B25: 0 | E25: =LINK!BY24 | F25: =LINK!K53 | G25: =LINK!AR53 | H25: =E25-G25 | I25: =LINK!B81 | J25: =E25-I25 | K25: =LINK!EP24 | L25: =LINK!BY53 | M25: =LINK!C81 | N25: CONT | R25: =LINK!BP93
A26: BVP | B26: 0 | E26: =LINK!BY25 | F26: =LINK!K54 | G26: =LINK!AR54 | H26: =E26-G26 | I26: =LINK!B82 | J26: =E26-I26 | K26: =LINK!EP25 | L26: =LINK!BY54 | M26: =LINK!C82 | N26: SHRA | R26: =LINK!BP94
A27: RTM | B27: 0 | E27: =LINK!BY26 | F27: =LINK!K55 | G27: =LINK!AR55 | H27: =E27-G27 | I27: =LINK!B83 | J27: =E27-I27 | K27: =LINK!EP26 | L27: =LINK!BY55 | M27: =LINK!C83 | N27: OTHERS | R27: =LINK!BP95
A28: TOTAL | B28: =SUM(B21:B27) | C28: =SUM(C21:C27) | D28: =SUM(D21:D27) | E28: =SUM(E21:E27) | F28: =SUM(F21:F27) | G28: =SUM(G21:G27) | H28: =SUM(H21:H27) | I28: =SUM(I21:I27) | ... M28: =SUM(M21:M27) | N28: TOTAL RAKES | P28: =SUM(P21:P27) | R28: =SUM(R21:R27)
A29: SILO BALANCE AT PORTS | G29: INDIGENOUS FERT SILO | I29: CONTAINER PENDENCY AT PORTS | N29: Loading Last Year As On | Q29: Last Year Progressive LDG from April-2026
A30: PORTS | B30: FERTILISERS | E30: COAL | F30: GYPSUM | G30: GSFM | I30: PORT | K30: TOTAL | L30: READY | M30: CONCOR | N30: =P1-365 | Q30: =N30+1
B31: DAP | C31: UREA | D31: OTHERS | G31: IFFB | I31: MDCC | J31: SOUTH PORT | N31: =LINK!B100 | P31: =LINK!B101 | Q31: =LINK!B102
A32: MDCC/WPA | B32: =G45 | C32: =G46 | D32: =SUM(G47:G51) | E32: =G54 | G32: IFFG | H32: =G80+G81 | J32: MICT | N32: DOUBLE STACK LDG | Q32: YDAY LONG HAUL & PROG
A33: KDLP/KPRK | B33: =G56 | C33: =G57 | D33: =SUM(G58:G64) | E33: =G67 | G33: GSFS | I33: Total | K33: =+K32+K31 | L33: =L31+L32 | M33: =M31+M32 | N33: STN | O33: YDAY | P33: PROG | Q33: MDCC | S33: =+R33
A34: IFFG | G34: GNVS | I34: PPSP | N34: MDCC | P34: =+O34 | Q34: CECC | S34: =+R34
A35: TUNA PORT | B35: =G69 | C35: =G71 | D35: =G70 | E35: =SUM(G74:G76) | G35: KBCS | I35: OUTSATNDING INDENTS | N35: PPSP | P35: =+O35 | Q35: BILD | S35: =+R35
A36: NAVLAKHI | J36: RAKS | L36: P/MEAL | N36: CWCJ | P36: =+O36 | Q36: MPRN | S36: =+R36
A37: WINDMIL | J37: RAKES/ WAGONS | K37: ODR | L37: WAGONS | M37: ODR | N37: MHPL | P37: =+O37 | Q37: SUNR | S37: =+R37
A38: PIPAVAV | I38: FREE | N38: GRFV | P38: =+O38 | Q38: SAUS | S38: =+R38
A39: KRIBHCO/MKIG | I39: RESTRICTION | N39: NCLW | P39: =+O39 | Q39: PPSP | S39: =+R39
A40: DAHEJ | I40: SPECIAL | N40: KPRK | P40: =+O40 | Q40: BHUN | S40: =+R40
I41: RMC | N41: OTHERS | P41: =+O41 | Q41: OTH | S41: =+R41
A42: TOTAL | B42: =SUM(B32:B41) | C42: =SUM(C32:C41) | D42: =SUM(D32:D41) | E42: =SUM(E32:E41) | F42: =SUM(F32:F41) | G42: TOTAL | H42: =SUM(H30:H41) | I42: TOTAL | N42: TOTAL | O42: =SUM(O34:O41) | P42: =SUM(P34:P41) | Q42: TOTAL | R42: =SUM(R33:R41) | S42: =SUM(S33:S41)
A44: PORT | B44: COMM | C44: O/B | D44: FRESH | E44: TTL | F44: DISPATCH | G44: C/B
A45: MDPT | B45: DAP
B46: UREA | I46: UREA
B47: AS | I47: DAP
B48: MOP | I48: OTHRS
B49: NPK
B50: NPS
B51: K-MAG
B52: TOTAL
A54: WPA | B54: COAL
A56: KDLP | B56: DAP
B57: UREA
B58: MOP
B59: NPK
B60: DPH
B61: APS
B62: NPK-12
B63: ASP
B64: AMONIM/SP
B65: TOTAL
B67: COAL
A69: DBTK | B69: DAP
B70: OTHER
B71: UREA
B72: TOTAL
A74: IMCL | B74: COAL
B75: PET/COKE
B76: DOMESTIC
A78: IFFG | B78: NPK-GR-1
B79: NPK-GR-2
B80: IND/DAP
B81: IMP/DAP
B82: TOTAL

Sheet 11
A1: GM MORNING POSITION | O1: DATE | P1: 46795 | S1: PAGE-1
A2: COMPARATIVE LOADING PERFORMANCE AS ON | I2: =P1-1 | K2: Avg Progressive LDG per day for the whole Year | N2: LOADING TARGET 2026-27
A3: Commodity | B3: Target per day for Aug-26 | C3: Cuurent Year | F3: Last Year | H3: Diff in AVG | I3: Avg for the whole Month AUG-2025 | J3: Diff in Avg | K3: Current Year from April-2026 | L3: Last Year from April-2025 | M3: Last Year Upto 31st March-2026 | N3: 46143 | P3: WAGONS | R3: LOADING IN MILLION TONNES
C4: No of Rakes | D4: Wagons | E4: Monthly Avg till date | F4: Wagons | G4: Monthly Avg till date | P4: 2025-2026 | Q4: 2026-2027 | R4: 2025-2026 | S4: 2026-2027
A5: CEM | B5: 0 | E5: =LINK!BZ3 | F5: =LINK!L32 | G5: =LINK!AS32 | H5: =E5-G5 | I5: =LINK!B61 | J5: =E5-I5 | K5: =LINK!EQ3 | L5: =LINK!BZ32 | M5: =LINK!C61 | N5: Loading Target 2026-2027 | P5: 2058189 | Q5: 2208615 | S5: 109.47
A6: COAL | B6: 0 | E6: =LINK!BZ4 | F6: =LINK!L33 | G6: =LINK!AS33 | H6: =E6-G6 | I6: =LINK!B62 | J6: =E6-I6 | K6: =LINK!EQ4 | L6: =LINK!BZ33 | M6: =LINK!C62 | N6: Progressive Loading Up To JULY | P6: 666648 | Q6: 677642 | R6: 32.81 | S6: 34.47
A7: CONT | B7: 0 | E7: =LINK!BZ5 | F7: =LINK!L34 | G7: =LINK!AS34 | H7: =E7-G7 | I7: =LINK!B63 | J7: =E7-I7 | K7: =LINK!EQ5 | L7: =LINK!BZ34 | M7: =LINK!C63 | N7: Today's Ldg | P7: =F18 | Q7: =D18 | R7: 0.26 | S7: 0.24
A8: FERT | B8: 0 | E8: =LINK!BZ6 | F8: =LINK!L35 | G8: =LINK!AS35 | H8: =E8-G8 | I8: =LINK!B64 | J8: =E8-I8 | K8: =LINK!EQ6 | L8: =LINK!BZ35 | M8: =LINK!C64 | N8: Current month LDG Till date | P8: =LINK!AS70 | Q8: =LINK!BZ27 | R8: 0.26 | S8: 0.24
A9: IMFT | B9: 0 | E9: =LINK!BZ7 | F9: =LINK!L36 | G9: =LINK!AS36 | H9: =E9-G9 | I9: =LINK!B65 | J9: =E9-I9 | K9: =LINK!EQ7 | L9: =LINK!BZ36 | M9: =LINK!C65 | N9: DIVISON WISE CUMM LOADING
A10: POL | B10: 0 | E10: =LINK!BZ8 | F10: =LINK!L37 | G10: =LINK!AS37 | H10: =E10-G10 | I10: =LINK!B66 | J10: =E10-I10 | K10: =LINK!EQ8 | L10: =LINK!BZ37 | M10: =LINK!C66 | N10: ADI | P10: =LINK!AI60+LINK!AI61 | Q10: =LINK!DJ20 | R10: 14.32 | S10: 17.59
A11: SALT | B11: 0 | E11: =LINK!BZ9 | F11: =LINK!L38 | G11: =LINK!AS38 | H11: =E11-G11 | I11: =LINK!B67 | J11: =E11-I11 | K11: =LINK!EQ9 | L11: =LINK!BZ38 | M11: =LINK!C67 | N11: BCT | P11: =LINK!AI62 | Q11: =LINK!DJ21 | R11: 0.37 | S11: 0.31
A12: STEEL | B12: 0 | E12: =LINK!BZ10 | F12: =LINK!L39 | G12: =LINK!AS39 | H12: =E12-G12 | I12: =LINK!B68 | J12: =E12-I12 | K12: =LINK!EQ10 | L12: =LINK!BZ39 | M12: =LINK!C68 | N12: BRC | P12: =LINK!AI63 | Q12: =LINK!DJ22 | R12: 4.92 | S12: 2.9
A13: DOC | B13: 0 | E13: =LINK!BZ11 | F13: =LINK!L40 | G13: =LINK!AS40 | H13: =E13-G13 | I13: =LINK!B69 | J13: =E13-I13 | K13: =LINK!EQ11 | L13: =LINK!BZ40 | M13: =LINK!C69 | N13: RJT | P13: =LINK!AI64 | Q13: =LINK!DJ23 | R13: 6.17 | S13: 4.88
A14: FG | B14: 0 | E14: =LINK!BZ12 | F14: =LINK!L41 | G14: =LINK!AS41 | H14: =E14-G14 | I14: =LINK!B70 | J14: =E14-I14 | K14: =LINK!EQ12 | L14: =LINK!BZ41 | M14: =LINK!C70 | N14: BVC | P14: =LINK!AI65 | Q14: =LINK!DJ24 | R14: 2.14 | S14: 4
A15: CHEM | B15: 0 | E15: =LINK!BZ13 | F15: =LINK!L42 | G15: =LINK!AS42 | H15: =E15-G15 | I15: =LINK!B71 | J15: =E15-I15 | K15: =LINK!EQ13 | L15: =LINK!BZ42 | M15: =LINK!C71 | N15: RTM | P15: =LINK!AI66 | Q15: =LINK!DJ25 | R15: 4.12 | S15: 4.72
A16: AUTO | B16: 0 | E16: =LINK!BZ14 | F16: =LINK!L43 | G16: =LINK!AS43 | H16: =E16-G16 | I16: =LINK!B72 | J16: =E16-I16 | K16: =LINK!EQ14 | L16: =LINK!BZ43 | M16: =LINK!C72 | N16: Progressive LDG from April | P16: =LINK!AI67 | Q16: =LINK!DJ27 | R16: =SUM(R10:R15) | S16: =SUM(S10:S15)
A17: OTHERS | B17: 0 | E17: =LINK!BZ15 | F17: =LINK!L44 | G17: =LINK!AS44 | H17: =E17-G17 | I17: =LINK!B73 | J17: =E17-I17 | K17: =LINK!EQ15 | L17: =LINK!BZ44 | M17: =LINK!C73 | N17: To Achieve Target | Q17: =+Q5-Q16 | S17: =+S5-S16
A18: TOTAL | B18: =SUM(B5:B17) | C18: =SUM(C5:C17) | D18: =SUM(D5:D17) | E18: =SUM(E5:E17) | F18: =SUM(F5:F17) | G18: =SUM(G5:G17) | H18: =SUM(H5:H17) | I18: =SUM(I5:I17) | ... M18: =SUM(M5:M17)
A19: DIV | B19: =B3 | C19: Cuurent Year | F19: Last Year | H19: Diff | I19: Avg for the whole Month AUG-2025 | J19: Diff in Avg | K19: Current Year from April-2026 | L19: Last Year from April-2025 | M19: Last Year Upto 31st March-2026 | N19: RAKE LOADING AND THEIR AVG
C20: No of Rakes | D20: Wagons | E20: Monthly Avg till date | F20: Wagons | G20: Monthly Avg till date | N20: STOCK | P20: YDAY LDG | R20: AVG
A21: ADI | B21: 0 | E21: =LINK!BZ20 | F21: =LINK!L49 | G21: =LINK!AS49 | H21: =E21-G21 | I21: =LINK!B77 | J21: =E21-I21 | K21: =LINK!EQ20 | L21: =LINK!BZ49 | M21: =LINK!C77 | N21: JUMBO | R21: =LINK!BP89
A22: GIMB | B22: 0 | E22: =LINK!BZ21 | F22: =LINK!L50 | G22: =LINK!AS50 | H22: =E22-G22 | I22: =LINK!B78 | J22: =E22-I22 | K22: =LINK!EQ21 | L22: =LINK!BZ50 | M22: =LINK!C78 | N22: BOXN | R22: =LINK!BP90
A23: BCT | B23: 0 | E23: =LINK!BZ22 | F23: =LINK!L51 | G23: =LINK!AS51 | H23: =E23-G23 | I23: =LINK!B79 | J23: =E23-I23 | K23: =LINK!EQ22 | L23: =LINK!BZ51 | M23: =LINK!C79 | N23: BTPN | R23: =LINK!BP91
A24: BRC | B24: 0 | E24: =LINK!BZ23 | F24: =LINK!L52 | G24: =LINK!AS52 | H24: =E24-G24 | I24: =LINK!B80 | J24: =E24-I24 | K24: =LINK!EQ23 | L24: =LINK!BZ52 | M24: =LINK!C80 | N24: BTPGN | R24: =LINK!BP92
A25: RJT | B25: 0 | E25: =LINK!BZ24 | F25: =LINK!L53 | G25: =LINK!AS53 | H25: =E25-G25 | I25: =LINK!B81 | J25: =E25-I25 | K25: =LINK!EQ24 | L25: =LINK!BZ53 | M25: =LINK!C81 | N25: CONT | R25: =LINK!BP93
A26: BVP | B26: 0 | E26: =LINK!BZ25 | F26: =LINK!L54 | G26: =LINK!AS54 | H26: =E26-G26 | I26: =LINK!B82 | J26: =E26-I26 | K26: =LINK!EQ25 | L26: =LINK!BZ54 | M26: =LINK!C82 | N26: SHRA | R26: =LINK!BP94
A27: RTM | B27: 0 | E27: =LINK!BZ26 | F27: =LINK!L55 | G27: =LINK!AS55 | H27: =E27-G27 | I27: =LINK!B83 | J27: =E27-I27 | K27: =LINK!EQ26 | L27: =LINK!BZ55 | M27: =LINK!C83 | N27: OTHERS | R27: =LINK!BP95
A28: TOTAL | B28: =SUM(B21:B27) | C28: =SUM(C21:C27) | D28: =SUM(D21:D27) | E28: =SUM(E21:E27) | F28: =SUM(F21:F27) | G28: =SUM(G21:G27) | H28: =SUM(H21:H27) | I28: =SUM(I21:I27) | ... M28: =SUM(M21:M27) | N28: TOTAL RAKES | P28: =SUM(P21:P27) | R28: =SUM(R21:R27)
A29: SILO BALANCE AT PORTS | G29: INDIGENOUS FERT SILO | I29: CONTAINER PENDENCY AT PORTS | N29: Loading Last Year As On | Q29: Last Year Progressive LDG from April-2026
